trainer_id,trainer_name_zh,trainer_type,trainer_tier,species_id,species,count,source_names
champion:城都地区:阿渡:1,阿渡,champion,champion,dragonite,Dragonite,5,快龙
champion:城都地区:阿渡:1,阿渡,champion,champion,gyarados,Gyarados,4,暴鲤龙
champion:城都地区:阿渡:1,阿渡,champion,champion,aerodactyl,Aerodactyl,4,化石翼龙
champion:城都地区:阿渡:1,阿渡,champion,champion,dragonair,Dragonair,2,哈克龙
champion:城都地区:阿渡:1,阿渡,champion,champion,seadra,Seadra,2,海刺龙
champion:城都地区:阿渡:1,阿渡,champion,champion,charizard,Charizard,2,喷火龙
champion:城都地区:阿渡:1,阿渡,champion,champion,kingdra,Kingdra,1,刺龙王
champion:城都地区:阿渡:1,阿渡,champion,champion,exeggutor,Exeggutor,1,椰蛋树
champion:丰缘地区:大吾:1,大吾,champion,champion,metagross,Metagross,20,manual-high-confidence
champion:丰缘地区:大吾:1,大吾,champion,champion,aggron,Aggron,20,manual-high-confidence
champion:丰缘地区:大吾:1,大吾,champion,champion,skarmory,Skarmory,20,manual-high-confidence
champion:丰缘地区:大吾:1,大吾,champion,champion,cradily,Cradily,20,manual-high-confidence
champion:丰缘地区:大吾:1,大吾,champion,champion,armaldo,Armaldo,20,manual-high-confidence
champion:丰缘地区:大吾:1,大吾,champion,champion,claydol,Claydol,20,manual-high-confidence
champion:丰缘地区:米可利:2,米可利,champion,champion,milotic,Milotic,22,美纳斯|manual-high-confidence
champion:丰缘地区:米可利:2,米可利,champion,champion,whiscash,Whiscash,21,鲶鱼王|manual-high-confidence
champion:丰缘地区:米可利:2,米可利,champion,champion,gyarados,Gyarados,20,manual-high-confidence
champion:丰缘地区:米可利:2,米可利,champion,champion,tentacruel,Tentacruel,20,manual-high-confidence
champion:丰缘地区:米可利:2,米可利,champion,champion,ludicolo,Ludicolo,20,manual-high-confidence
champion:丰缘地区:米可利:2,米可利,champion,champion,wailord,Wailord,20,manual-high-confidence
champion:丰缘地区:米可利:2,米可利,champion,champion,luvdisc,Luvdisc,1,爱心鱼
champion:丰缘地区:米可利:2,米可利,champion,champion,sealeo,Sealeo,1,海魔狮
champion:丰缘地区:米可利:2,米可利,champion,champion,seaking,Seaking,1,金鱼王
champion:关都地区:赤红:2,赤红,champion,champion,pikachu,Pikachu,20,manual-high-confidence
champion:关都地区:赤红:2,赤红,champion,champion,charizard,Charizard,20,manual-high-confidence
champion:关都地区:赤红:2,赤红,champion,champion,venusaur,Venusaur,20,manual-high-confidence
champion:关都地区:赤红:2,赤红,champion,champion,blastoise,Blastoise,20,manual-high-confidence
champion:关都地区:赤红:2,赤红,champion,champion,snorlax,Snorlax,20,manual-high-confidence
champion:关都地区:赤红:2,赤红,champion,champion,lapras,Lapras,20,manual-high-confidence
champion:关都地区:小茂-青绿:1,小茂 / 青绿,champion,champion,exeggutor,Exeggutor,24,椰蛋树|manual-high-confidence
champion:关都地区:小茂-青绿:1,小茂 / 青绿,champion,champion,gyarados,Gyarados,23,暴鲤龙|manual-high-confidence
champion:关都地区:小茂-青绿:1,小茂 / 青绿,champion,champion,pidgeot,Pidgeot,23,大比鸟|manual-high-confidence
champion:关都地区:小茂-青绿:1,小茂 / 青绿,champion,champion,arcanine,Arcanine,23,风速狗|manual-high-confidence
champion:关都地区:小茂-青绿:1,小茂 / 青绿,champion,champion,alakazam,Alakazam,22,胡地|manual-high-confidence
champion:关都地区:小茂-青绿:1,小茂 / 青绿,champion,champion,rhydon,Rhydon,22,钻角犀兽|manual-high-confidence
champion:关都地区:小茂-青绿:1,小茂 / 青绿,champion,champion,machamp,Machamp,2,怪力
champion:关都地区:小茂-青绿:1,小茂 / 青绿,champion,champion,tauros,Tauros,1,肯泰罗
champion:关都地区:小茂-青绿:1,小茂 / 青绿,champion,champion,aerodactyl,Aerodactyl,1,化石翼龙
champion:关都地区:小茂-青绿:1,小茂 / 青绿,champion,champion,charizard,Charizard,1,喷火龙
champion:关都地区:小茂-青绿:1,小茂 / 青绿,champion,champion,rhyperior,Rhyperior,1,超甲狂犀
champion:关都地区:小茂-青绿:1,小茂 / 青绿,champion,champion,tyranitar,Tyranitar,1,班基拉斯
champion:合众地区:阿戴克:1,阿戴克,champion,champion,volcarona,Volcarona,20,manual-high-confidence
champion:合众地区:阿戴克:1,阿戴克,champion,champion,bouffalant,Bouffalant,20,manual-high-confidence
champion:合众地区:阿戴克:1,阿戴克,champion,champion,accelgor,Accelgor,20,manual-high-confidence
champion:合众地区:阿戴克:1,阿戴克,champion,champion,escavalier,Escavalier,20,manual-high-confidence
champion:合众地区:阿戴克:1,阿戴克,champion,champion,druddigon,Druddigon,20,manual-high-confidence
champion:合众地区:阿戴克:1,阿戴克,champion,champion,vanilluxe,Vanilluxe,20,manual-high-confidence
champion:合众地区:艾莉丝:2,艾莉丝,champion,champion,druddigon,Druddigon,21,赤面龙|manual-high-confidence
champion:合众地区:艾莉丝:2,艾莉丝,champion,champion,haxorus,Haxorus,21,双斧战龙|manual-high-confidence
champion:合众地区:艾莉丝:2,艾莉丝,champion,champion,hydreigon,Hydreigon,20,manual-high-confidence
champion:合众地区:艾莉丝:2,艾莉丝,champion,champion,aggron,Aggron,20,manual-high-confidence
champion:合众地区:艾莉丝:2,艾莉丝,champion,champion,archeops,Archeops,20,manual-high-confidence
champion:合众地区:艾莉丝:2,艾莉丝,champion,champion,lapras,Lapras,20,manual-high-confidence
champion:合众地区:艾莉丝:2,艾莉丝,champion,champion,fraxure,Fraxure,1,斧牙龙
champion:卡洛斯地区:卡露妮:1,卡露妮,champion,champion,gardevoir,Gardevoir,20,manual-high-confidence
champion:卡洛斯地区:卡露妮:1,卡露妮,champion,champion,hawlucha,Hawlucha,20,manual-high-confidence
champion:卡洛斯地区:卡露妮:1,卡露妮,champion,champion,tyrantrum,Tyrantrum,20,manual-high-confidence
champion:卡洛斯地区:卡露妮:1,卡露妮,champion,champion,aurorus,Aurorus,20,manual-high-confidence
champion:卡洛斯地区:卡露妮:1,卡露妮,champion,champion,goodra,Goodra,20,manual-high-confidence
champion:卡洛斯地区:卡露妮:1,卡露妮,champion,champion,gourgeist,Gourgeist,20,manual-high-confidence
champion:神奥地区:竹兰:1,竹兰,champion,champion,garchomp,Garchomp,20,manual-high-confidence
champion:神奥地区:竹兰:1,竹兰,champion,champion,lucario,Lucario,20,manual-high-confidence
champion:神奥地区:竹兰:1,竹兰,champion,champion,milotic,Milotic,20,manual-high-confidence
champion:神奥地区:竹兰:1,竹兰,champion,champion,roserade,Roserade,20,manual-high-confidence
champion:神奥地区:竹兰:1,竹兰,champion,champion,spiritomb,Spiritomb,20,manual-high-confidence
champion:神奥地区:竹兰:1,竹兰,champion,champion,togekiss,Togekiss,20,manual-high-confidence
elite4:阿罗拉地区:阿塞萝拉:3,阿塞萝拉,elite4,elite4,drifblim,Drifblim,2,随风球
elite4:阿罗拉地区:阿塞萝拉:3,阿塞萝拉,elite4,elite4,dhelmise,Dhelmise,2,破破舵轮
elite4:阿罗拉地区:阿塞萝拉:3,阿塞萝拉,elite4,elite4,froslass,Froslass,2,雪妖女
elite4:阿罗拉地区:阿塞萝拉:3,阿塞萝拉,elite4,elite4,palossand,Palossand,2,噬沙堡爷
elite4:阿罗拉地区:阿塞萝拉:3,阿塞萝拉,elite4,elite4,sableye,Sableye,1,勾魂眼
elite4:阿罗拉地区:阿塞萝拉:3,阿塞萝拉,elite4,elite4,banette,Banette,1,诅咒娃娃
elite4:阿罗拉地区:哈拉:1,哈拉,elite4,elite4,hariyama,Hariyama,1,铁掌力士
elite4:阿罗拉地区:哈拉:1,哈拉,elite4,elite4,primeape,Primeape,1,火暴猴
elite4:阿罗拉地区:哈拉:1,哈拉,elite4,elite4,bewear,Bewear,1,穿着熊
elite4:阿罗拉地区:哈拉:1,哈拉,elite4,elite4,poliwrath,Poliwrath,1,蚊香泳士
elite4:阿罗拉地区:哈拉:1,哈拉,elite4,elite4,crabominable,Crabominable,1,好胜毛蟹
elite4:阿罗拉地区:卡希丽:4,卡希丽,elite4,elite4,oricorio,Oricorio,2,花舞鸟
elite4:阿罗拉地区:卡希丽:4,卡希丽,elite4,elite4,mandibuzz,Mandibuzz,2,秃鹰娜
elite4:阿罗拉地区:卡希丽:4,卡希丽,elite4,elite4,toucannon,Toucannon,2,铳嘴大鸟
elite4:阿罗拉地区:卡希丽:4,卡希丽,elite4,elite4,skarmory,Skarmory,1,盔甲鸟
elite4:阿罗拉地区:卡希丽:4,卡希丽,elite4,elite4,crobat,Crobat,1,叉字蝠
elite4:阿罗拉地区:卡希丽:4,卡希丽,elite4,elite4,braviary,Braviary,1,勇士雄鹰
elite4:阿罗拉地区:卡希丽:4,卡希丽,elite4,elite4,hawlucha,Hawlucha,1,摔角鹰人
elite4:阿罗拉地区:丽姿:2,丽姿,elite4,elite4,probopass,Probopass,2,大朝北鼻
elite4:阿罗拉地区:丽姿:2,丽姿,elite4,elite4,lycanroc,Lycanroc,2,鬃岩狼人
elite4:阿罗拉地区:丽姿:2,丽姿,elite4,elite4,relicanth,Relicanth,1,古空棘鱼
elite4:阿罗拉地区:丽姿:2,丽姿,elite4,elite4,carbink,Carbink,1,小碎钻
elite4:阿罗拉地区:丽姿:2,丽姿,elite4,elite4,golem,Golem,1,隆隆岩
elite4:阿罗拉地区:丽姿:2,丽姿,elite4,elite4,armaldo,Armaldo,1,太古盔甲
elite4:阿罗拉地区:丽姿:2,丽姿,elite4,elite4,cradily,Cradily,1,摇篮百合
elite4:阿罗拉地区:丽姿:2,丽姿,elite4,elite4,gigalith,Gigalith,1,庞岩怪
elite4:阿罗拉地区:马睿因:5,马睿因,elite4,elite4,klefki,Klefki,1,钥圈儿
elite4:阿罗拉地区:马睿因:5,马睿因,elite4,elite4,bisharp,Bisharp,1,劈斩司令
elite4:阿罗拉地区:马睿因:5,马睿因,elite4,elite4,magnezone,Magnezone,1,自爆磁怪
elite4:阿罗拉地区:马睿因:5,马睿因,elite4,elite4,metagross,Metagross,1,巨金怪
elite4:阿罗拉地区:马睿因:5,马睿因,elite4,elite4,dugtrio,Dugtrio,1,三地鼠
elite4:城都地区:阿桔:2,阿桔,elite4,elite4,venomoth,Venomoth,6,摩鲁蛾
elite4:城都地区:阿桔:2,阿桔,elite4,elite4,muk,Muk,5,臭臭泥
elite4:城都地区:阿桔:2,阿桔,elite4,elite4,venonat,Venonat,4,毛球
elite4:城都地区:阿桔:2,阿桔,elite4,elite4,weezing,Weezing,3,双弹瓦斯
elite4:城都地区:阿桔:2,阿桔,elite4,elite4,golbat,Golbat,3,大嘴蝠|阿桔的大嘴蝠#动画中
elite4:城都地区:阿桔:2,阿桔,elite4,elite4,koffing,Koffing,2,瓦斯弹
elite4:城都地区:阿桔:2,阿桔,elite4,elite4,crobat,Crobat,2,叉字蝠
elite4:城都地区:阿桔:2,阿桔,elite4,elite4,tentacruel,Tentacruel,1,毒刺水母
elite4:城都地区:阿桔:2,阿桔,elite4,elite4,ariados,Ariados,1,阿利多斯
elite4:城都地区:阿桔:2,阿桔,elite4,elite4,forretress,Forretress,1,佛烈托斯
elite4:城都地区:阿桔:2,阿桔,elite4,elite4,skuntank,Skuntank,1,坦克臭鼬
elite4:城都地区:阿桔:2,阿桔,elite4,elite4,toxicroak,Toxicroak,1,毒骷蛙
elite4:城都地区:阿桔:2,阿桔,elite4,elite4,swalot,Swalot,1,吞食兽
elite4:城都地区:梨花:4,梨花,elite4,elite4,umbreon,Umbreon,2,月亮伊布
elite4:城都地区:梨花:4,梨花,elite4,elite4,houndoom,Houndoom,2,黑鲁加
elite4:城都地区:梨花:4,梨花,elite4,elite4,vileplume,Vileplume,1,霸王花
elite4:城都地区:梨花:4,梨花,elite4,elite4,murkrow,Murkrow,1,黑暗鸦
elite4:城都地区:梨花:4,梨花,elite4,elite4,gengar,Gengar,1,耿鬼
elite4:城都地区:梨花:4,梨花,elite4,elite4,weavile,Weavile,1,玛狃拉
elite4:城都地区:梨花:4,梨花,elite4,elite4,spiritomb,Spiritomb,1,花岩怪
elite4:城都地区:梨花:4,梨花,elite4,elite4,absol,Absol,1,阿勃梭鲁
elite4:城都地区:梨花:4,梨花,elite4,elite4,honchkrow,Honchkrow,1,乌鸦头头
elite4:城都地区:希巴:3,希巴,elite4,elite4,hitmonchan,Hitmonchan,7,快拳郎
elite4:城都地区:希巴:3,希巴,elite4,elite4,onix,Onix,6,大岩蛇
elite4:城都地区:希巴:3,希巴,elite4,elite4,hitmonlee,Hitmonlee,6,飞腿郎
elite4:城都地区:希巴:3,希巴,elite4,elite4,machamp,Machamp,6,怪力
elite4:城都地区:希巴:3,希巴,elite4,elite4,steelix,Steelix,2,大钢蛇
elite4:城都地区:希巴:3,希巴,elite4,elite4,poliwrath,Poliwrath,2,蚊香泳士
elite4:城都地区:希巴:3,希巴,elite4,elite4,hitmontop,Hitmontop,2,战舞郎
elite4:城都地区:希巴:3,希巴,elite4,elite4,golem,Golem,1,隆隆岩
elite4:城都地区:希巴:3,希巴,elite4,elite4,hariyama,Hariyama,1,铁掌力士
elite4:城都地区:希巴:3,希巴,elite4,elite4,lucario,Lucario,1,路卡利欧
elite4:城都地区:希巴:3,希巴,elite4,elite4,primeape,Primeape,1,火暴猴
elite4:城都地区:一树:1,一树,elite4,elite4,xatu,Xatu,3,天然鸟
elite4:城都地区:一树:1,一树,elite4,elite4,jynx,Jynx,2,迷唇姐
elite4:城都地区:一树:1,一树,elite4,elite4,slowbro,Slowbro,2,呆壳兽
elite4:城都地区:一树:1,一树,elite4,elite4,exeggutor,Exeggutor,1,椰蛋树
elite4:城都地区:一树:1,一树,elite4,elite4,bronzong,Bronzong,1,青铜钟
elite4:城都地区:一树:1,一树,elite4,elite4,grumpig,Grumpig,1,噗噗猪
elite4:城都地区:一树:1,一树,elite4,elite4,gardevoir,Gardevoir,1,沙奈朵
elite4:丰缘地区:波妮:3,波妮,elite4,elite4,glalie,Glalie,5,冰鬼护
elite4:丰缘地区:波妮:3,波妮,elite4,elite4,walrein,Walrein,3,帝牙海狮
elite4:丰缘地区:波妮:3,波妮,elite4,elite4,froslass,Froslass,3,雪妖女
elite4:丰缘地区:波妮:3,波妮,elite4,elite4,sealeo,Sealeo,2,海魔狮
elite4:丰缘地区:波妮:3,波妮,elite4,elite4,abomasnow,Abomasnow,1,暴雪王
elite4:丰缘地区:波妮:3,波妮,elite4,elite4,beartic,Beartic,1,冻原熊
elite4:丰缘地区:波妮:3,波妮,elite4,elite4,vanilluxe,Vanilluxe,1,双倍多多冰
elite4:丰缘地区:芙蓉:2,芙蓉,elite4,elite4,banette,Banette,5,诅咒娃娃
elite4:丰缘地区:芙蓉:2,芙蓉,elite4,elite4,dusclops,Dusclops,3,彷徨夜灵
elite4:丰缘地区:芙蓉:2,芙蓉,elite4,elite4,sableye,Sableye,3,勾魂眼
elite4:丰缘地区:芙蓉:2,芙蓉,elite4,elite4,dusknoir,Dusknoir,2,黑夜魔灵
elite4:丰缘地区:芙蓉:2,芙蓉,elite4,elite4,mismagius,Mismagius,1,梦妖魔
elite4:丰缘地区:芙蓉:2,芙蓉,elite4,elite4,drifblim,Drifblim,1,随风球
elite4:丰缘地区:芙蓉:2,芙蓉,elite4,elite4,chandelure,Chandelure,1,水晶灯火灵
elite4:丰缘地区:花月:1,花月,elite4,elite4,shiftry,Shiftry,4,狡猾天狗
elite4:丰缘地区:花月:1,花月,elite4,elite4,absol,Absol,4,阿勃梭鲁
elite4:丰缘地区:花月:1,花月,elite4,elite4,mightyena,Mightyena,3,大狼犬
elite4:丰缘地区:花月:1,花月,elite4,elite4,cacturne,Cacturne,3,梦歌仙人掌
elite4:丰缘地区:花月:1,花月,elite4,elite4,sharpedo,Sharpedo,3,巨牙鲨
elite4:丰缘地区:花月:1,花月,elite4,elite4,crawdaunt,Crawdaunt,1,铁螯龙虾
elite4:丰缘地区:花月:1,花月,elite4,elite4,scrafty,Scrafty,1,头巾混混
elite4:丰缘地区:花月:1,花月,elite4,elite4,zoroark,Zoroark,1,索罗亚克
elite4:丰缘地区:花月:1,花月,elite4,elite4,mandibuzz,Mandibuzz,1,秃鹰娜
elite4:丰缘地区:源治:4,源治,elite4,elite4,flygon,Flygon,6,沙漠蜻蜓
elite4:丰缘地区:源治:4,源治,elite4,elite4,altaria,Altaria,4,七夕青鸟
elite4:丰缘地区:源治:4,源治,elite4,elite4,salamence,Salamence,4,暴飞龙
elite4:丰缘地区:源治:4,源治,elite4,elite4,kingdra,Kingdra,3,刺龙王
elite4:丰缘地区:源治:4,源治,elite4,elite4,shelgon,Shelgon,2,甲壳龙
elite4:丰缘地区:源治:4,源治,elite4,elite4,dragalge,Dragalge,1,毒藻龙
elite4:丰缘地区:源治:4,源治,elite4,elite4,haxorus,Haxorus,1,双斧战龙
elite4:关都地区:阿渡:4,阿渡,elite4,elite4,dragonite,Dragonite,5,快龙
elite4:关都地区:阿渡:4,阿渡,elite4,elite4,gyarados,Gyarados,4,暴鲤龙
elite4:关都地区:阿渡:4,阿渡,elite4,elite4,aerodactyl,Aerodactyl,4,化石翼龙
elite4:关都地区:阿渡:4,阿渡,elite4,elite4,dragonair,Dragonair,2,哈克龙
elite4:关都地区:阿渡:4,阿渡,elite4,elite4,seadra,Seadra,2,海刺龙
elite4:关都地区:阿渡:4,阿渡,elite4,elite4,charizard,Charizard,2,喷火龙
elite4:关都地区:阿渡:4,阿渡,elite4,elite4,kingdra,Kingdra,1,刺龙王
elite4:关都地区:阿渡:4,阿渡,elite4,elite4,exeggutor,Exeggutor,1,椰蛋树
elite4:关都地区:菊子:3,菊子,elite4,elite4,gengar,Gengar,9,菊子的耿鬼#动画中|耿鬼
elite4:关都地区:菊子:3,菊子,elite4,elite4,golbat,Golbat,4,大嘴蝠
elite4:关都地区:菊子:3,菊子,elite4,elite4,arbok,Arbok,4,阿柏怪
elite4:关都地区:菊子:3,菊子,elite4,elite4,marowak,Marowak,2,嘎啦嘎啦
elite4:关都地区:菊子:3,菊子,elite4,elite4,weezing,Weezing,2,双弹瓦斯
elite4:关都地区:菊子:3,菊子,elite4,elite4,seadra,Seadra,1,海刺龙
elite4:关都地区:菊子:3,菊子,elite4,elite4,blastoise,Blastoise,1,水箭龟
elite4:关都地区:菊子:3,菊子,elite4,elite4,nidoqueen,Nidoqueen,1,尼多后
elite4:关都地区:菊子:3,菊子,elite4,elite4,machoke,Machoke,1,豪力
elite4:关都地区:菊子:3,菊子,elite4,elite4,scyther,Scyther,1,飞天螳螂
elite4:关都地区:菊子:3,菊子,elite4,elite4,electrode,Electrode,1,顽皮雷弹
elite4:关都地区:菊子:3,菊子,elite4,elite4,geodude,Geodude,1,小拳石
elite4:关都地区:菊子:3,菊子,elite4,elite4,electabuzz,Electabuzz,1,电击兽
elite4:关都地区:菊子:3,菊子,elite4,elite4,exeggutor,Exeggutor,1,椰蛋树
elite4:关都地区:菊子:3,菊子,elite4,elite4,starmie,Starmie,1,宝石海星
elite4:关都地区:菊子:3,菊子,elite4,elite4,alakazam,Alakazam,1,胡地
elite4:关都地区:菊子:3,菊子,elite4,elite4,haunter,Haunter,1,鬼斯通
elite4:关都地区:菊子:3,菊子,elite4,elite4,crobat,Crobat,1,叉字蝠
elite4:关都地区:菊子:3,菊子,elite4,elite4,misdreavus,Misdreavus,1,梦妖
elite4:关都地区:科拿:1,科拿,elite4,elite4,dewgong,Dewgong,5,白海狮
elite4:关都地区:科拿:1,科拿,elite4,elite4,cloyster,Cloyster,5,刺甲贝
elite4:关都地区:科拿:1,科拿,elite4,elite4,jynx,Jynx,4,迷唇姐
elite4:关都地区:科拿:1,科拿,elite4,elite4,lapras,Lapras,4,拉普拉斯
elite4:关都地区:科拿:1,科拿,elite4,elite4,slowbro,Slowbro,3,呆壳兽
elite4:关都地区:科拿:1,科拿,elite4,elite4,piloswine,Piloswine,1,长毛猪
elite4:关都地区:科拿:1,科拿,elite4,elite4,sandslash,Sandslash,1,穿山王
elite4:关都地区:科拿:1,科拿,elite4,elite4,furfrou,Furfrou,1,多丽米亚
elite4:关都地区:科拿:1,科拿,elite4,elite4,pikachu,Pikachu,1,皮卡丘
elite4:关都地区:科拿:1,科拿,elite4,elite4,charmander,Charmander,1,小火龙
elite4:关都地区:科拿:1,科拿,elite4,elite4,butterfree,Butterfree,1,巴大蝶
elite4:关都地区:科拿:1,科拿,elite4,elite4,poliwhirl,Poliwhirl,1,蚊香君
elite4:关都地区:希巴:2,希巴,elite4,elite4,hitmonchan,Hitmonchan,7,快拳郎
elite4:关都地区:希巴:2,希巴,elite4,elite4,onix,Onix,6,大岩蛇
elite4:关都地区:希巴:2,希巴,elite4,elite4,hitmonlee,Hitmonlee,6,飞腿郎
elite4:关都地区:希巴:2,希巴,elite4,elite4,machamp,Machamp,6,怪力
elite4:关都地区:希巴:2,希巴,elite4,elite4,steelix,Steelix,2,大钢蛇
elite4:关都地区:希巴:2,希巴,elite4,elite4,poliwrath,Poliwrath,2,蚊香泳士
elite4:关都地区:希巴:2,希巴,elite4,elite4,hitmontop,Hitmontop,2,战舞郎
elite4:关都地区:希巴:2,希巴,elite4,elite4,golem,Golem,1,隆隆岩
elite4:关都地区:希巴:2,希巴,elite4,elite4,hariyama,Hariyama,1,铁掌力士
elite4:关都地区:希巴:2,希巴,elite4,elite4,lucario,Lucario,1,路卡利欧
elite4:关都地区:希巴:2,希巴,elite4,elite4,primeape,Primeape,1,火暴猴
elite4:合众地区:嘉德丽雅:4,嘉德丽雅,elite4,elite4,reuniclus,Reuniclus,6,人造细胞卵
elite4:合众地区:嘉德丽雅:4,嘉德丽雅,elite4,elite4,musharna,Musharna,6,梦梦蚀
elite4:合众地区:嘉德丽雅:4,嘉德丽雅,elite4,elite4,gothitelle,Gothitelle,6,哥德小姐
elite4:合众地区:嘉德丽雅:4,嘉德丽雅,elite4,elite4,sigilyph,Sigilyph,5,象征鸟
elite4:合众地区:嘉德丽雅:4,嘉德丽雅,elite4,elite4,metagross,Metagross,4,巨金怪
elite4:合众地区:嘉德丽雅:4,嘉德丽雅,elite4,elite4,gallade,Gallade,2,艾路雷朵
elite4:合众地区:嘉德丽雅:4,嘉德丽雅,elite4,elite4,bronzong,Bronzong,1,青铜钟
elite4:合众地区:嘉德丽雅:4,嘉德丽雅,elite4,elite4,alakazam,Alakazam,1,胡地
elite4:合众地区:连武:2,连武,elite4,elite4,throh,Throh,6,投摔鬼
elite4:合众地区:连武:2,连武,elite4,elite4,sawk,Sawk,6,打击鬼
elite4:合众地区:连武:2,连武,elite4,elite4,conkeldurr,Conkeldurr,6,修建老匠
elite4:合众地区:连武:2,连武,elite4,elite4,mienshao,Mienshao,6,师父鼬
elite4:合众地区:连武:2,连武,elite4,elite4,lucario,Lucario,3,路卡利欧
elite4:合众地区:连武:2,连武,elite4,elite4,breloom,Breloom,1,斗笠菇
elite4:合众地区:连武:2,连武,elite4,elite4,toxicroak,Toxicroak,1,毒骷蛙
elite4:合众地区:连武:2,连武,elite4,elite4,medicham,Medicham,1,恰雷姆
elite4:合众地区:连武:2,连武,elite4,elite4,machamp,Machamp,1,怪力
elite4:合众地区:婉龙:3,婉龙,elite4,elite4,cofagrigus,Cofagrigus,6,迭失棺
elite4:合众地区:婉龙:3,婉龙,elite4,elite4,golurk,Golurk,6,泥偶巨人
elite4:合众地区:婉龙:3,婉龙,elite4,elite4,chandelure,Chandelure,6,水晶灯火灵
elite4:合众地区:婉龙:3,婉龙,elite4,elite4,drifblim,Drifblim,5,随风球
elite4:合众地区:婉龙:3,婉龙,elite4,elite4,froslass,Froslass,3,雪妖女
elite4:合众地区:婉龙:3,婉龙,elite4,elite4,jellicent,Jellicent,2,胖嘟嘟
elite4:合众地区:婉龙:3,婉龙,elite4,elite4,banette,Banette,1,诅咒娃娃
elite4:合众地区:婉龙:3,婉龙,elite4,elite4,mismagius,Mismagius,1,梦妖魔
elite4:合众地区:婉龙:3,婉龙,elite4,elite4,gengar,Gengar,1,耿鬼
elite4:合众地区:越橘:1,越橘,elite4,elite4,scrafty,Scrafty,6,头巾混混
elite4:合众地区:越橘:1,越橘,elite4,elite4,krookodile,Krookodile,6,流氓鳄
elite4:合众地区:越橘:1,越橘,elite4,elite4,bisharp,Bisharp,6,劈斩司令
elite4:合众地区:越橘:1,越橘,elite4,elite4,liepard,Liepard,5,酷豹
elite4:合众地区:越橘:1,越橘,elite4,elite4,honchkrow,Honchkrow,2,乌鸦头头
elite4:合众地区:越橘:1,越橘,elite4,elite4,houndoom,Houndoom,2,黑鲁加
elite4:合众地区:越橘:1,越橘,elite4,elite4,sharpedo,Sharpedo,1,巨牙鲨
elite4:合众地区:越橘:1,越橘,elite4,elite4,drapion,Drapion,1,龙王蝎
elite4:合众地区:越橘:1,越橘,elite4,elite4,absol,Absol,1,阿勃梭鲁
elite4:合众地区:越橘:1,越橘,elite4,elite4,tyranitar,Tyranitar,1,班基拉斯
elite4:卡洛斯地区:朵拉塞娜:4,朵拉塞娜,elite4,elite4,dragalge,Dragalge,1,毒藻龙
elite4:卡洛斯地区:朵拉塞娜:4,朵拉塞娜,elite4,elite4,altaria,Altaria,1,七夕青鸟
elite4:卡洛斯地区:朵拉塞娜:4,朵拉塞娜,elite4,elite4,druddigon,Druddigon,1,赤面龙
elite4:卡洛斯地区:朵拉塞娜:4,朵拉塞娜,elite4,elite4,noivern,Noivern,1,音波龙
elite4:卡洛斯地区:帕琦拉:1,帕琦拉,elite4,elite4,pyroar,Pyroar,1,火炎狮
elite4:卡洛斯地区:帕琦拉:1,帕琦拉,elite4,elite4,torkoal,Torkoal,1,煤炭龟
elite4:卡洛斯地区:帕琦拉:1,帕琦拉,elite4,elite4,chandelure,Chandelure,1,水晶灯火灵
elite4:卡洛斯地区:帕琦拉:1,帕琦拉,elite4,elite4,talonflame,Talonflame,1,烈箭鹰
elite4:卡洛斯地区:雁铠:3,雁铠,elite4,elite4,klefki,Klefki,1,钥圈儿
elite4:卡洛斯地区:雁铠:3,雁铠,elite4,elite4,probopass,Probopass,1,大朝北鼻
elite4:卡洛斯地区:雁铠:3,雁铠,elite4,elite4,scizor,Scizor,1,巨钳螳螂
elite4:卡洛斯地区:雁铠:3,雁铠,elite4,elite4,aegislash,Aegislash,1,坚盾剑怪
elite4:卡洛斯地区:志米:2,志米,elite4,elite4,clawitzer,Clawitzer,1,钢炮臂虾
elite4:卡洛斯地区:志米:2,志米,elite4,elite4,starmie,Starmie,1,宝石海星
elite4:卡洛斯地区:志米:2,志米,elite4,elite4,gyarados,Gyarados,1,暴鲤龙
elite4:卡洛斯地区:志米:2,志米,elite4,elite4,barbaracle,Barbaracle,1,龟足巨铠
elite4:蓝莓学园:赤松:1,赤松,elite4,elite4,talonflame,Talonflame,1,烈箭鹰
elite4:蓝莓学园:赤松:1,赤松,elite4,elite4,rotom,Rotom,1,洛托姆
elite4:蓝莓学园:赤松:1,赤松,elite4,elite4,camerupt,Camerupt,1,喷火驼
elite4:蓝莓学园:赤松:1,赤松,elite4,elite4,exeggutor,Exeggutor,1,椰蛋树
elite4:蓝莓学园:赤松:1,赤松,elite4,elite4,magmortar,Magmortar,1,鸭嘴炎兽
elite4:蓝莓学园:赤松:1,赤松,elite4,elite4,blaziken,Blaziken,1,火焰鸡
elite4:蓝莓学园:杜若:4,杜若,elite4,elite4,furfrou,Furfrou,3,多丽米亚
elite4:蓝莓学园:杜若:4,杜若,elite4,elite4,flygon,Flygon,1,沙漠蜻蜓
elite4:蓝莓学园:杜若:4,杜若,elite4,elite4,dragonite,Dragonite,1,快龙
elite4:蓝莓学园:杜若:4,杜若,elite4,elite4,kingdra,Kingdra,1,刺龙王
elite4:蓝莓学园:杜若:4,杜若,elite4,elite4,haxorus,Haxorus,1,双斧战龙
elite4:蓝莓学园:杜若:4,杜若,elite4,elite4,sceptile,Sceptile,1,蜥蜴王
elite4:蓝莓学园:杜若:4,杜若,elite4,elite4,archaludon,Archaludon,1,铝钢桥龙
elite4:蓝莓学园:纳莉:2,纳莉,elite4,elite4,dugtrio,Dugtrio,1,三地鼠
elite4:蓝莓学园:纳莉:2,纳莉,elite4,elite4,skarmory,Skarmory,1,盔甲鸟
elite4:蓝莓学园:纳莉:2,纳莉,elite4,elite4,reuniclus,Reuniclus,1,人造细胞卵
elite4:蓝莓学园:纳莉:2,纳莉,elite4,elite4,empoleon,Empoleon,1,帝王拿波
elite4:蓝莓学园:纳莉:2,纳莉,elite4,elite4,scizor,Scizor,1,巨钳螳螂
elite4:蓝莓学园:纳莉:2,纳莉,elite4,elite4,metagross,Metagross,1,巨金怪
elite4:蓝莓学园:紫竽:3,紫竽,elite4,elite4,granbull,Granbull,1,布鲁皇
elite4:蓝莓学园:紫竽:3,紫竽,elite4,elite4,whimsicott,Whimsicott,1,风妖精
elite4:蓝莓学园:紫竽:3,紫竽,elite4,elite4,primarina,Primarina,1,西狮海壬
elite4:蓝莓学园:紫竽:3,紫竽,elite4,elite4,alcremie,Alcremie,1,霜奶仙
elite4:蓝莓学园:紫竽:3,紫竽,elite4,elite4,slowbro,Slowbro,1,呆壳兽
elite4:蓝莓学园:紫竽:3,紫竽,elite4,elite4,excadrill,Excadrill,1,龙头地鼠
elite4:帕底亚地区:八朔:4,八朔,elite4,elite4,noivern,Noivern,2,音波龙
elite4:帕底亚地区:八朔:4,八朔,elite4,elite4,dragalge,Dragalge,2,毒藻龙
elite4:帕底亚地区:八朔:4,八朔,elite4,elite4,haxorus,Haxorus,2,双斧战龙
elite4:帕底亚地区:八朔:4,八朔,elite4,elite4,baxcalibur,Baxcalibur,2,戟脊龙
elite4:帕底亚地区:八朔:4,八朔,elite4,elite4,flapple,Flapple,1,苹裹龙
elite4:帕底亚地区:八朔:4,八朔,elite4,elite4,duraludon,Duraludon,1,铝钢龙
elite4:帕底亚地区:八朔:4,八朔,elite4,elite4,dragonite,Dragonite,1,快龙
elite4:帕底亚地区:波琵:2,波琵,elite4,elite4,copperajah,Copperajah,2,大王铜象
elite4:帕底亚地区:波琵:2,波琵,elite4,elite4,bronzong,Bronzong,2,青铜钟
elite4:帕底亚地区:波琵:2,波琵,elite4,elite4,corviknight,Corviknight,2,钢铠鸦
elite4:帕底亚地区:波琵:2,波琵,elite4,elite4,magnezone,Magnezone,2,自爆磁怪
elite4:帕底亚地区:波琵:2,波琵,elite4,elite4,tinkaton,Tinkaton,2,巨锻匠
elite4:帕底亚地区:波琵:2,波琵,elite4,elite4,bastiodon,Bastiodon,1,护城龙
elite4:帕底亚地区:青木:3,青木,elite4,elite4,staraptor,Staraptor,6,姆克鹰
elite4:帕底亚地区:青木:3,青木,elite4,elite4,dudunsparce,Dudunsparce,5,土龙节节
elite4:帕底亚地区:青木:3,青木,elite4,elite4,flamigo,Flamigo,4,缠红鹤
elite4:帕底亚地区:青木:3,青木,elite4,elite4,oinkologne,Oinkologne,3,飘香豚
elite4:帕底亚地区:青木:3,青木,elite4,elite4,altaria,Altaria,3,七夕青鸟
elite4:帕底亚地区:青木:3,青木,elite4,elite4,komala,Komala,2,树枕尾熊
elite4:帕底亚地区:青木:3,青木,elite4,elite4,tauros,Tauros,2,肯泰罗
elite4:帕底亚地区:青木:3,青木,elite4,elite4,oricorio,Oricorio,2,花舞鸟
elite4:帕底亚地区:青木:3,青木,elite4,elite4,braviary,Braviary,1,勇士雄鹰
elite4:帕底亚地区:青木:3,青木,elite4,elite4,greedent,Greedent,1,藏饱栗鼠
elite4:帕底亚地区:青木:3,青木,elite4,elite4,tropius,Tropius,1,热带龙
elite4:帕底亚地区:辛俐:1,辛俐,elite4,elite4,whiscash,Whiscash,2,鲶鱼王
elite4:帕底亚地区:辛俐:1,辛俐,elite4,elite4,donphan,Donphan,2,顿甲
elite4:帕底亚地区:辛俐:1,辛俐,elite4,elite4,dugtrio,Dugtrio,2,三地鼠
elite4:帕底亚地区:辛俐:1,辛俐,elite4,elite4,camerupt,Camerupt,2,喷火驼
elite4:帕底亚地区:辛俐:1,辛俐,elite4,elite4,clodsire,Clodsire,2,土王
elite4:帕底亚地区:辛俐:1,辛俐,elite4,elite4,torterra,Torterra,1,土台龟
elite4:神奥地区:阿柳:1,阿柳,elite4,elite4,heracross,Heracross,5,赫拉克罗斯
elite4:神奥地区:阿柳:1,阿柳,elite4,elite4,vespiquen,Vespiquen,5,蜂女王
elite4:神奥地区:阿柳:1,阿柳,elite4,elite4,drapion,Drapion,5,龙王蝎
elite4:神奥地区:阿柳:1,阿柳,elite4,elite4,yanmega,Yanmega,3,远古巨蜓
elite4:神奥地区:阿柳:1,阿柳,elite4,elite4,scizor,Scizor,3,巨钳螳螂
elite4:神奥地区:阿柳:1,阿柳,elite4,elite4,dustox,Dustox,2,毒粉蛾
elite4:神奥地区:阿柳:1,阿柳,elite4,elite4,beautifly,Beautifly,2,狩猎凤蝶
elite4:神奥地区:阿柳:1,阿柳,elite4,elite4,flygon,Flygon,1,沙漠蜻蜓
elite4:神奥地区:大叶:3,大叶,elite4,elite4,rapidash,Rapidash,5,烈焰马
elite4:神奥地区:大叶:3,大叶,elite4,elite4,infernape,Infernape,5,烈焰猴
elite4:神奥地区:大叶:3,大叶,elite4,elite4,houndoom,Houndoom,3,黑鲁加
elite4:神奥地区:大叶:3,大叶,elite4,elite4,magmortar,Magmortar,3,鸭嘴炎兽
elite4:神奥地区:大叶:3,大叶,elite4,elite4,drifblim,Drifblim,2,随风球
elite4:神奥地区:大叶:3,大叶,elite4,elite4,steelix,Steelix,2,大钢蛇
elite4:神奥地区:大叶:3,大叶,elite4,elite4,lopunny,Lopunny,2,长耳兔
elite4:神奥地区:大叶:3,大叶,elite4,elite4,flareon,Flareon,2,火伊布
elite4:神奥地区:大叶:3,大叶,elite4,elite4,ninetales,Ninetales,1,九尾
elite4:神奥地区:大叶:3,大叶,elite4,elite4,arcanine,Arcanine,1,风速狗
elite4:神奥地区:菊野:2,菊野,elite4,elite4,whiscash,Whiscash,5,鲶鱼王
elite4:神奥地区:菊野:2,菊野,elite4,elite4,hippowdon,Hippowdon,5,河马兽
elite4:神奥地区:菊野:2,菊野,elite4,elite4,golem,Golem,4,隆隆岩
elite4:神奥地区:菊野:2,菊野,elite4,elite4,gliscor,Gliscor,3,天蝎王
elite4:神奥地区:菊野:2,菊野,elite4,elite4,rhyperior,Rhyperior,3,超甲狂犀
elite4:神奥地区:菊野:2,菊野,elite4,elite4,quagsire,Quagsire,2,沼王
elite4:神奥地区:菊野:2,菊野,elite4,elite4,sudowoodo,Sudowoodo,2,树才怪
elite4:神奥地区:菊野:2,菊野,elite4,elite4,nidoking,Nidoking,1,尼多王
elite4:神奥地区:菊野:2,菊野,elite4,elite4,mamoswine,Mamoswine,1,象牙猪
elite4:神奥地区:悟松:4,悟松,elite4,elite4,mrmime,Mr. Mime,5,魔墙人偶
elite4:神奥地区:悟松:4,悟松,elite4,elite4,alakazam,Alakazam,5,胡地
elite4:神奥地区:悟松:4,悟松,elite4,elite4,bronzong,Bronzong,5,青铜钟
elite4:神奥地区:悟松:4,悟松,elite4,elite4,espeon,Espeon,3,太阳伊布
elite4:神奥地区:悟松:4,悟松,elite4,elite4,gallade,Gallade,3,艾路雷朵
elite4:神奥地区:悟松:4,悟松,elite4,elite4,girafarig,Girafarig,2,麒麟奇
elite4:神奥地区:悟松:4,悟松,elite4,elite4,medicham,Medicham,2,恰雷姆
elite4:神奥地区:悟松:4,悟松,elite4,elite4,slowbro,Slowbro,1,呆壳兽
elite4:神奥地区:悟松:4,悟松,elite4,elite4,kingler,Kingler,1,巨钳蟹
elite4:神奥地区:悟松:4,悟松,elite4,elite4,arcanine,Arcanine,1,风速狗
elite4:神奥地区:悟松:4,悟松,elite4,elite4,nidoqueen,Nidoqueen,1,尼多后
gym:城都地区:阿笔:2,阿笔,gym,tier1,metapod,Metapod,2,铁甲蛹
gym:城都地区:阿笔:2,阿笔,gym,tier1,scyther,Scyther,2,飞天螳螂
gym:城都地区:阿笔:2,阿笔,gym,tier1,kakuna,Kakuna,1,铁壳蛹
gym:城都地区:阿笔:2,阿笔,gym,tier1,scizor,Scizor,1,巨钳螳螂
gym:城都地区:阿笔:2,阿笔,gym,tier1,shedinja,Shedinja,1,脱壳忍者
gym:城都地区:阿笔:2,阿笔,gym,tier1,vespiquen,Vespiquen,1,蜂女王
gym:城都地区:阿笔:2,阿笔,gym,tier1,yanmega,Yanmega,1,远古巨蜓
gym:城都地区:阿笔:2,阿笔,gym,tier1,heracross,Heracross,1,赫拉克罗斯
gym:城都地区:阿笔:2,阿笔,gym,tier1,pinsir,Pinsir,1,凯罗斯
gym:城都地区:阿笔:2,阿笔,gym,tier1,spinarak,Spinarak,1,圆丝蛛
gym:城都地区:阿蜜:6,阿蜜,gym,tier2,magnemite,Magnemite,2,小磁怪
gym:城都地区:阿蜜:6,阿蜜,gym,tier2,steelix,Steelix,2,大钢蛇
gym:城都地区:阿蜜:6,阿蜜,gym,tier2,metagross,Metagross,1,巨金怪
gym:城都地区:阿蜜:6,阿蜜,gym,tier2,bronzong,Bronzong,1,青铜钟
gym:城都地区:阿蜜:6,阿蜜,gym,tier2,skarmory,Skarmory,1,盔甲鸟
gym:城都地区:阿蜜:6,阿蜜,gym,tier2,empoleon,Empoleon,1,帝王拿波
gym:城都地区:阿蜜:6,阿蜜,gym,tier2,magnezone,Magnezone,1,自爆磁怪
gym:城都地区:阿四:5,阿四,gym,tier2,poliwrath,Poliwrath,3,蚊香泳士
gym:城都地区:阿四:5,阿四,gym,tier2,primeape,Primeape,2,火暴猴
gym:城都地区:阿四:5,阿四,gym,tier2,medicham,Medicham,1,恰雷姆
gym:城都地区:阿四:5,阿四,gym,tier2,hitmonchan,Hitmonchan,1,快拳郎
gym:城都地区:阿四:5,阿四,gym,tier2,hitmonlee,Hitmonlee,1,飞腿郎
gym:城都地区:阿四:5,阿四,gym,tier2,breloom,Breloom,1,斗笠菇
gym:城都地区:阿四:5,阿四,gym,tier2,machoke,Machoke,1,豪力
gym:城都地区:阿四:5,阿四,gym,tier2,magnemite,Magnemite,1,小磁怪
gym:城都地区:阿四:5,阿四,gym,tier2,steelix,Steelix,1,大钢蛇
gym:城都地区:阿速:1,阿速,gym,tier1,pidgeot,Pidgeot,2,大比鸟
gym:城都地区:阿速:1,阿速,gym,tier1,pidgey,Pidgey,1,波波
gym:城都地区:阿速:1,阿速,gym,tier1,pidgeotto,Pidgeotto,1,比比鸟
gym:城都地区:阿速:1,阿速,gym,tier1,staraptor,Staraptor,1,姆克鹰
gym:城都地区:阿速:1,阿速,gym,tier1,pelipper,Pelipper,1,大嘴鸥
gym:城都地区:阿速:1,阿速,gym,tier1,noctowl,Noctowl,1,猫头夜鹰
gym:城都地区:阿速:1,阿速,gym,tier1,swellow,Swellow,1,大王燕
gym:城都地区:阿速:1,阿速,gym,tier1,honchkrow,Honchkrow,1,乌鸦头头
gym:城都地区:阿速:1,阿速,gym,tier1,hoothoot,Hoothoot,1,咕咕
gym:城都地区:阿速:1,阿速,gym,tier1,dodrio,Dodrio,1,嘟嘟利
gym:城都地区:柳伯:7,柳伯,gym,tier3,dewgong,Dewgong,3,白海狮
gym:城都地区:柳伯:7,柳伯,gym,tier3,piloswine,Piloswine,2,长毛猪
gym:城都地区:柳伯:7,柳伯,gym,tier3,dragonite,Dragonite,2,快龙
gym:城都地区:柳伯:7,柳伯,gym,tier3,seel,Seel,1,小海狮
gym:城都地区:柳伯:7,柳伯,gym,tier3,abomasnow,Abomasnow,1,暴雪王
gym:城都地区:柳伯:7,柳伯,gym,tier3,glalie,Glalie,1,冰鬼护
gym:城都地区:柳伯:7,柳伯,gym,tier3,froslass,Froslass,1,雪妖女
gym:城都地区:柳伯:7,柳伯,gym,tier3,walrein,Walrein,1,帝牙海狮
gym:城都地区:柳伯:7,柳伯,gym,tier3,mamoswine,Mamoswine,1,象牙猪
gym:城都地区:柳伯:7,柳伯,gym,tier3,dragonair,Dragonair,1,哈克龙
gym:城都地区:柳伯:7,柳伯,gym,tier3,gyarados,Gyarados,1,暴鲤龙
gym:城都地区:柳伯:7,柳伯,gym,tier3,kingdra,Kingdra,1,刺龙王
gym:城都地区:柳伯:7,柳伯,gym,tier3,druddigon,Druddigon,1,赤面龙
gym:城都地区:松叶:4,松叶,gym,tier2,gengar,Gengar,4,耿鬼
gym:城都地区:松叶:4,松叶,gym,tier2,haunter,Haunter,3,鬼斯通
gym:城都地区:松叶:4,松叶,gym,tier2,gastly,Gastly,2,鬼斯
gym:城都地区:松叶:4,松叶,gym,tier2,drifblim,Drifblim,1,随风球
gym:城都地区:松叶:4,松叶,gym,tier2,sableye,Sableye,1,勾魂眼
gym:城都地区:松叶:4,松叶,gym,tier2,dusknoir,Dusknoir,1,黑夜魔灵
gym:城都地区:松叶:4,松叶,gym,tier2,mismagius,Mismagius,1,梦妖魔
gym:城都地区:小椿:8,小椿,gym,tier3,dragonair,Dragonair,6,哈克龙
gym:城都地区:小椿:8,小椿,gym,tier3,kingdra,Kingdra,3,刺龙王
gym:城都地区:小椿:8,小椿,gym,tier3,gyarados,Gyarados,2,暴鲤龙
gym:城都地区:小椿:8,小椿,gym,tier3,charizard,Charizard,1,喷火龙
gym:城都地区:小椿:8,小椿,gym,tier3,aerodactyl,Aerodactyl,1,化石翼龙
gym:城都地区:小椿:8,小椿,gym,tier3,dragonite,Dragonite,1,快龙
gym:城都地区:小茜:3,小茜,gym,tier1,miltank,Miltank,3,大奶罐
gym:城都地区:小茜:3,小茜,gym,tier1,clefairy,Clefairy,2,皮皮
gym:城都地区:小茜:3,小茜,gym,tier1,girafarig,Girafarig,1,麒麟奇
gym:城都地区:小茜:3,小茜,gym,tier1,lickilicky,Lickilicky,1,大舌舔
gym:城都地区:小茜:3,小茜,gym,tier1,clefable,Clefable,1,皮可西
gym:城都地区:小茜:3,小茜,gym,tier1,delcatty,Delcatty,1,优雅猫
gym:城都地区:小茜:3,小茜,gym,tier1,bibarel,Bibarel,1,大尾狸
gym:城都地区:小茜:3,小茜,gym,tier1,nidorina,Nidorina,1,尼多娜
gym:丰缘地区:杜娟:1,杜娟,gym,tier1,nosepass,Nosepass,7,朝北鼻|杜娟的朝北鼻
gym:丰缘地区:杜娟:1,杜娟,gym,tier1,geodude,Geodude,4,小拳石
gym:丰缘地区:杜娟:1,杜娟,gym,tier1,golem,Golem,4,隆隆岩
gym:丰缘地区:杜娟:1,杜娟,gym,tier1,onix,Onix,3,大岩蛇
gym:丰缘地区:杜娟:1,杜娟,gym,tier1,kabutops,Kabutops,3,镰刀盔
gym:丰缘地区:杜娟:1,杜娟,gym,tier1,omastar,Omastar,2,多刺菊石兽
gym:丰缘地区:杜娟:1,杜娟,gym,tier1,kabuto,Kabuto,1,化石盔
gym:丰缘地区:杜娟:1,杜娟,gym,tier1,omanyte,Omanyte,1,菊石兽
gym:丰缘地区:杜娟:1,杜娟,gym,tier1,aerodactyl,Aerodactyl,1,化石翼龙
gym:丰缘地区:杜娟:1,杜娟,gym,tier1,steelix,Steelix,1,大钢蛇
gym:丰缘地区:米可利:8,米可利,gym,tier3,milotic,Milotic,22,美纳斯|manual-high-confidence
gym:丰缘地区:米可利:8,米可利,gym,tier3,whiscash,Whiscash,21,鲶鱼王|manual-high-confidence
gym:丰缘地区:米可利:8,米可利,gym,tier3,gyarados,Gyarados,20,manual-high-confidence
gym:丰缘地区:米可利:8,米可利,gym,tier3,tentacruel,Tentacruel,20,manual-high-confidence
gym:丰缘地区:米可利:8,米可利,gym,tier3,ludicolo,Ludicolo,20,manual-high-confidence
gym:丰缘地区:米可利:8,米可利,gym,tier3,wailord,Wailord,20,manual-high-confidence
gym:丰缘地区:米可利:8,米可利,gym,tier3,luvdisc,Luvdisc,1,爱心鱼
gym:丰缘地区:米可利:8,米可利,gym,tier3,sealeo,Sealeo,1,海魔狮
gym:丰缘地区:米可利:8,米可利,gym,tier3,seaking,Seaking,1,金鱼王
gym:丰缘地区:娜琪:6,娜琪,gym,tier2,pelipper,Pelipper,7,大嘴鸥
gym:丰缘地区:娜琪:6,娜琪,gym,tier2,skarmory,Skarmory,7,盔甲鸟
gym:丰缘地区:娜琪:6,娜琪,gym,tier2,altaria,Altaria,7,七夕青鸟
gym:丰缘地区:娜琪:6,娜琪,gym,tier2,tropius,Tropius,5,热带龙
gym:丰缘地区:娜琪:6,娜琪,gym,tier2,swellow,Swellow,2,大王燕
gym:丰缘地区:娜琪:6,娜琪,gym,tier2,dragonair,Dragonair,2,哈克龙
gym:丰缘地区:娜琪:6,娜琪,gym,tier2,noctowl,Noctowl,2,猫头夜鹰
gym:丰缘地区:娜琪:6,娜琪,gym,tier2,swablu,Swablu,1,青绵鸟
gym:丰缘地区:娜琪:6,娜琪,gym,tier2,dratini,Dratini,1,迷你龙
gym:丰缘地区:娜琪:6,娜琪,gym,tier2,hoothoot,Hoothoot,1,咕咕
gym:丰缘地区:娜琪:6,娜琪,gym,tier2,dragonite,Dragonite,1,快龙
gym:丰缘地区:千里:5,千里,gym,tier2,slaking,Slaking,12,请假王|千里的请假王#动画中
gym:丰缘地区:千里:5,千里,gym,tier2,spinda,Spinda,5,晃晃斑
gym:丰缘地区:千里:5,千里,gym,tier2,vigoroth,Vigoroth,3,过动猿
gym:丰缘地区:千里:5,千里,gym,tier2,kangaskhan,Kangaskhan,3,袋兽
gym:丰缘地区:千里:5,千里,gym,tier2,chansey,Chansey,2,吉利蛋
gym:丰缘地区:千里:5,千里,gym,tier2,blissey,Blissey,2,幸福蛋
gym:丰缘地区:千里:5,千里,gym,tier2,linoone,Linoone,1,直冲熊
gym:丰缘地区:千里:5,千里,gym,tier2,tauros,Tauros,1,肯泰罗
gym:丰缘地区:千里:5,千里,gym,tier2,slakoth,Slakoth,1,懒人翁
gym:丰缘地区:藤树:2,藤树,gym,tier1,hariyama,Hariyama,5,铁掌力士|藤树的铁掌力士#动画中
gym:丰缘地区:藤树:2,藤树,gym,tier1,machamp,Machamp,4,怪力
gym:丰缘地区:藤树:2,藤树,gym,tier1,hitmontop,Hitmontop,4,战舞郎
gym:丰缘地区:藤树:2,藤树,gym,tier1,machop,Machop,3,腕力
gym:丰缘地区:藤树:2,藤树,gym,tier1,makuhita,Makuhita,3,幕下力士|藤树的幕下力士#动画中
gym:丰缘地区:藤树:2,藤树,gym,tier1,medicham,Medicham,3,恰雷姆
gym:丰缘地区:藤树:2,藤树,gym,tier1,meditite,Meditite,2,玛沙那
gym:丰缘地区:藤树:2,藤树,gym,tier1,hitmonchan,Hitmonchan,2,快拳郎
gym:丰缘地区:藤树:2,藤树,gym,tier1,hitmonlee,Hitmonlee,1,飞腿郎
gym:丰缘地区:铁旋:3,铁旋,gym,tier1,magneton,Magneton,7,三合一磁怪
gym:丰缘地区:铁旋:3,铁旋,gym,tier1,manectric,Manectric,6,雷电兽|铁旋的雷电兽#动画中
gym:丰缘地区:铁旋:3,铁旋,gym,tier1,electrode,Electrode,4,顽皮雷弹
gym:丰缘地区:铁旋:3,铁旋,gym,tier1,voltorb,Voltorb,3,霹雳电球
gym:丰缘地区:铁旋:3,铁旋,gym,tier1,magnemite,Magnemite,2,小磁怪
gym:丰缘地区:铁旋:3,铁旋,gym,tier1,electrike,Electrike,2,落雷兽|铁旋的落雷兽#动画中
gym:丰缘地区:铁旋:3,铁旋,gym,tier1,raichu,Raichu,2,雷丘
gym:丰缘地区:铁旋:3,铁旋,gym,tier1,ampharos,Ampharos,2,电龙
gym:丰缘地区:铁旋:3,铁旋,gym,tier1,mareep,Mareep,1,咩利羊
gym:丰缘地区:铁旋:3,铁旋,gym,tier1,pikachu,Pikachu,1,皮卡丘
gym:丰缘地区:铁旋:3,铁旋,gym,tier1,flaaffy,Flaaffy,1,茸茸羊
gym:丰缘地区:铁旋:3,铁旋,gym,tier1,electabuzz,Electabuzz,1,电击兽
gym:丰缘地区:铁旋:3,铁旋,gym,tier1,typhlosion,Typhlosion,1,火暴兽
gym:丰缘地区:铁旋:3,铁旋,gym,tier1,wingull,Wingull,1,长翅鸥
gym:丰缘地区:小枫与小南:7,小枫与小南,gym,tier3,solrock,Solrock,7,太阳岩
gym:丰缘地区:小枫与小南:7,小枫与小南,gym,tier3,lunatone,Lunatone,7,月石
gym:丰缘地区:小枫与小南:7,小枫与小南,gym,tier3,claydol,Claydol,5,念力土偶
gym:丰缘地区:小枫与小南:7,小枫与小南,gym,tier3,xatu,Xatu,5,天然鸟
gym:丰缘地区:小枫与小南:7,小枫与小南,gym,tier3,slowpoke,Slowpoke,3,呆呆兽
gym:丰缘地区:小枫与小南:7,小枫与小南,gym,tier3,hypno,Hypno,2,引梦貘人
gym:丰缘地区:小枫与小南:7,小枫与小南,gym,tier3,drowzee,Drowzee,1,催眠貘
gym:丰缘地区:小枫与小南:7,小枫与小南,gym,tier3,slowking,Slowking,1,呆呆王
gym:丰缘地区:亚当:9,亚当,gym,tier3,whiscash,Whiscash,6,鲶鱼王
gym:丰缘地区:亚当:9,亚当,gym,tier3,crawdaunt,Crawdaunt,5,铁螯龙虾
gym:丰缘地区:亚当:9,亚当,gym,tier3,kingdra,Kingdra,5,刺龙王
gym:丰缘地区:亚当:9,亚当,gym,tier3,walrein,Walrein,4,帝牙海狮
gym:丰缘地区:亚当:9,亚当,gym,tier3,luvdisc,Luvdisc,2,爱心鱼
gym:丰缘地区:亚当:9,亚当,gym,tier3,sealeo,Sealeo,2,海魔狮
gym:丰缘地区:亚当:9,亚当,gym,tier3,poliwhirl,Poliwhirl,2,蚊香君
gym:丰缘地区:亚当:9,亚当,gym,tier3,lapras,Lapras,2,拉普拉斯
gym:丰缘地区:亚当:9,亚当,gym,tier3,poliwag,Poliwag,1,蚊香蝌蚪
gym:丰缘地区:亚当:9,亚当,gym,tier3,politoed,Politoed,1,蚊香蛙皇
gym:丰缘地区:亚当:9,亚当,gym,tier3,milotic,Milotic,1,美纳斯
gym:丰缘地区:亚当:9,亚当,gym,tier3,seaking,Seaking,1,金鱼王
gym:丰缘地区:亚莎:4,亚莎,gym,tier2,torkoal,Torkoal,8,煤炭龟
gym:丰缘地区:亚莎:4,亚莎,gym,tier2,slugma,Slugma,6,熔岩虫
gym:丰缘地区:亚莎:4,亚莎,gym,tier2,camerupt,Camerupt,5,喷火驼
gym:丰缘地区:亚莎:4,亚莎,gym,tier2,magcargo,Magcargo,5,熔岩蜗牛
gym:丰缘地区:亚莎:4,亚莎,gym,tier2,numel,Numel,2,呆火驼
gym:丰缘地区:亚莎:4,亚莎,gym,tier2,ponyta,Ponyta,2,小火马
gym:丰缘地区:亚莎:4,亚莎,gym,tier2,growlithe,Growlithe,2,卡蒂狗
gym:丰缘地区:亚莎:4,亚莎,gym,tier2,rapidash,Rapidash,2,烈焰马
gym:丰缘地区:亚莎:4,亚莎,gym,tier2,houndour,Houndour,1,戴鲁比
gym:丰缘地区:亚莎:4,亚莎,gym,tier2,houndoom,Houndoom,1,黑鲁加
gym:丰缘地区:亚莎:4,亚莎,gym,tier2,arcanine,Arcanine,1,风速狗
gym:关都地区:阿桔:5,阿桔,gym,tier2,venomoth,Venomoth,6,摩鲁蛾
gym:关都地区:阿桔:5,阿桔,gym,tier2,muk,Muk,5,臭臭泥
gym:关都地区:阿桔:5,阿桔,gym,tier2,venonat,Venonat,4,毛球
gym:关都地区:阿桔:5,阿桔,gym,tier2,weezing,Weezing,3,双弹瓦斯
gym:关都地区:阿桔:5,阿桔,gym,tier2,golbat,Golbat,3,大嘴蝠|阿桔的大嘴蝠#动画中
gym:关都地区:阿桔:5,阿桔,gym,tier2,koffing,Koffing,2,瓦斯弹
gym:关都地区:阿桔:5,阿桔,gym,tier2,crobat,Crobat,2,叉字蝠
gym:关都地区:阿桔:5,阿桔,gym,tier2,tentacruel,Tentacruel,1,毒刺水母
gym:关都地区:阿桔:5,阿桔,gym,tier2,ariados,Ariados,1,阿利多斯
gym:关都地区:阿桔:5,阿桔,gym,tier2,forretress,Forretress,1,佛烈托斯
gym:关都地区:阿桔:5,阿桔,gym,tier2,skuntank,Skuntank,1,坦克臭鼬
gym:关都地区:阿桔:5,阿桔,gym,tier2,toxicroak,Toxicroak,1,毒骷蛙
gym:关都地区:阿桔:5,阿桔,gym,tier2,swalot,Swalot,1,吞食兽
gym:关都地区:阿杏:6,阿杏,gym,tier2,weezing,Weezing,4,双弹瓦斯
gym:关都地区:阿杏:6,阿杏,gym,tier2,ariados,Ariados,4,阿利多斯
gym:关都地区:阿杏:6,阿杏,gym,tier2,crobat,Crobat,3,叉字蝠
gym:关都地区:阿杏:6,阿杏,gym,tier2,venomoth,Venomoth,3,摩鲁蛾
gym:关都地区:阿杏:6,阿杏,gym,tier2,toxicroak,Toxicroak,1,毒骷蛙
gym:关都地区:阿杏:6,阿杏,gym,tier2,drapion,Drapion,1,龙王蝎
gym:关都地区:坂木:9,坂木,gym,tier3,dugtrio,Dugtrio,4,三地鼠
gym:关都地区:坂木:9,坂木,gym,tier3,nidoqueen,Nidoqueen,4,尼多后
gym:关都地区:坂木:9,坂木,gym,tier3,nidoking,Nidoking,4,尼多王
gym:关都地区:坂木:9,坂木,gym,tier3,rhyhorn,Rhyhorn,3,独角犀牛
gym:关都地区:坂木:9,坂木,gym,tier3,rhydon,Rhydon,3,钻角犀兽
gym:关都地区:坂木:9,坂木,gym,tier3,persian,Persian,1,猫老大
gym:关都地区:莉佳:4,莉佳,gym,tier1,tangela,Tangela,6,蔓藤怪
gym:关都地区:莉佳:4,莉佳,gym,tier1,victreebel,Victreebel,4,大食花
gym:关都地区:莉佳:4,莉佳,gym,tier1,vileplume,Vileplume,3,霸王花
gym:关都地区:莉佳:4,莉佳,gym,tier1,weepinbell,Weepinbell,3,口呆花
gym:关都地区:莉佳:4,莉佳,gym,tier1,gloom,Gloom,2,臭臭花
gym:关都地区:莉佳:4,莉佳,gym,tier1,jumpluff,Jumpluff,2,毽子棉
gym:关都地区:莉佳:4,莉佳,gym,tier1,bellossom,Bellossom,2,美丽花
gym:关都地区:莉佳:4,莉佳,gym,tier1,parasect,Parasect,1,派拉斯特
gym:关都地区:莉佳:4,莉佳,gym,tier1,exeggutor,Exeggutor,1,椰蛋树
gym:关都地区:莉佳:4,莉佳,gym,tier1,shiftry,Shiftry,1,狡猾天狗
gym:关都地区:莉佳:4,莉佳,gym,tier1,roserade,Roserade,1,罗丝雷朵
gym:关都地区:莉佳:4,莉佳,gym,tier1,tangrowth,Tangrowth,1,巨蔓藤
gym:关都地区:马志士:3,马志士,gym,tier1,raichu,Raichu,8,雷丘|马志士的雷丘#动画中|碧丝葵丝#雷丘
gym:关都地区:马志士:3,马志士,gym,tier1,electrode,Electrode,5,顽皮雷弹|碧丝葵丝#顽皮雷弹
gym:关都地区:马志士:3,马志士,gym,tier1,voltorb,Voltorb,2,霹雳电球
gym:关都地区:马志士:3,马志士,gym,tier1,magneton,Magneton,2,三合一磁怪
gym:关都地区:马志士:3,马志士,gym,tier1,electabuzz,Electabuzz,2,电击兽
gym:关都地区:马志士:3,马志士,gym,tier1,pikachu,Pikachu,1,皮卡丘
gym:关都地区:马志士:3,马志士,gym,tier1,magnemite,Magnemite,1,小磁怪
gym:关都地区:马志士:3,马志士,gym,tier1,jolteon,Jolteon,1,雷伊布
gym:关都地区:马志士:3,马志士,gym,tier1,manectric,Manectric,1,雷电兽
gym:关都地区:马志士:3,马志士,gym,tier1,magnezone,Magnezone,1,自爆磁怪
gym:关都地区:马志士:3,马志士,gym,tier1,pachirisu,Pachirisu,1,帕奇利兹
gym:关都地区:马志士:3,马志士,gym,tier1,electivire,Electivire,1,电击魔兽
gym:关都地区:娜姿:7,娜姿,gym,tier2,alakazam,Alakazam,6,胡地
gym:关都地区:娜姿:7,娜姿,gym,tier2,mrmime,Mr. Mime,5,魔墙人偶
gym:关都地区:娜姿:7,娜姿,gym,tier2,kadabra,Kadabra,3,勇基拉|娜姿的勇基拉#动画中
gym:关都地区:娜姿:7,娜姿,gym,tier2,jynx,Jynx,3,迷唇姐
gym:关都地区:娜姿:7,娜姿,gym,tier2,abra,Abra,2,凯西|娜姿的凯西#动画中
gym:关都地区:娜姿:7,娜姿,gym,tier2,espeon,Espeon,2,太阳伊布
gym:关都地区:娜姿:7,娜姿,gym,tier2,slowbro,Slowbro,2,呆壳兽
gym:关都地区:娜姿:7,娜姿,gym,tier2,venomoth,Venomoth,1,摩鲁蛾
gym:关都地区:娜姿:7,娜姿,gym,tier2,hypno,Hypno,1,引梦貘人
gym:关都地区:娜姿:7,娜姿,gym,tier2,wobbuffet,Wobbuffet,1,果然翁
gym:关都地区:娜姿:7,娜姿,gym,tier2,gallade,Gallade,1,艾路雷朵
gym:关都地区:青绿:10,青绿,gym,tier3,exeggutor,Exeggutor,24,椰蛋树|manual-high-confidence
gym:关都地区:青绿:10,青绿,gym,tier3,gyarados,Gyarados,23,暴鲤龙|manual-high-confidence
gym:关都地区:青绿:10,青绿,gym,tier3,pidgeot,Pidgeot,23,大比鸟|manual-high-confidence
gym:关都地区:青绿:10,青绿,gym,tier3,arcanine,Arcanine,23,风速狗|manual-high-confidence
gym:关都地区:青绿:10,青绿,gym,tier3,alakazam,Alakazam,22,胡地|manual-high-confidence
gym:关都地区:青绿:10,青绿,gym,tier3,rhydon,Rhydon,22,钻角犀兽|manual-high-confidence
gym:关都地区:青绿:10,青绿,gym,tier3,machamp,Machamp,2,怪力
gym:关都地区:青绿:10,青绿,gym,tier3,tauros,Tauros,1,肯泰罗
gym:关都地区:青绿:10,青绿,gym,tier3,aerodactyl,Aerodactyl,1,化石翼龙
gym:关都地区:青绿:10,青绿,gym,tier3,charizard,Charizard,1,喷火龙
gym:关都地区:青绿:10,青绿,gym,tier3,rhyperior,Rhyperior,1,超甲狂犀
gym:关都地区:青绿:10,青绿,gym,tier3,tyranitar,Tyranitar,1,班基拉斯
gym:关都地区:夏伯:8,夏伯,gym,tier3,rapidash,Rapidash,6,烈焰马
gym:关都地区:夏伯:8,夏伯,gym,tier3,arcanine,Arcanine,4,风速狗
gym:关都地区:夏伯:8,夏伯,gym,tier3,ninetales,Ninetales,4,九尾
gym:关都地区:夏伯:8,夏伯,gym,tier3,magmar,Magmar,4,鸭嘴火兽
gym:关都地区:夏伯:8,夏伯,gym,tier3,rhydon,Rhydon,3,钻角犀兽
gym:关都地区:夏伯:8,夏伯,gym,tier3,magcargo,Magcargo,2,熔岩蜗牛
gym:关都地区:夏伯:8,夏伯,gym,tier3,kingler,Kingler,2,巨钳蟹
gym:关都地区:夏伯:8,夏伯,gym,tier3,machamp,Machamp,2,怪力
gym:关都地区:夏伯:8,夏伯,gym,tier3,growlithe,Growlithe,1,卡蒂狗
gym:关都地区:夏伯:8,夏伯,gym,tier3,ponyta,Ponyta,1,小火马
gym:关都地区:夏伯:8,夏伯,gym,tier3,flareon,Flareon,1,火伊布
gym:关都地区:夏伯:8,夏伯,gym,tier3,torkoal,Torkoal,1,煤炭龟
gym:关都地区:夏伯:8,夏伯,gym,tier3,camerupt,Camerupt,1,喷火驼
gym:关都地区:夏伯:8,夏伯,gym,tier3,houndoom,Houndoom,1,黑鲁加
gym:关都地区:夏伯:8,夏伯,gym,tier3,magmortar,Magmortar,1,鸭嘴炎兽
gym:关都地区:夏伯:8,夏伯,gym,tier3,golem,Golem,1,隆隆岩
gym:关都地区:夏伯:8,夏伯,gym,tier3,cloyster,Cloyster,1,铁甲贝
gym:关都地区:夏伯:8,夏伯,gym,tier3,mewtwo,Mewtwo,1,超梦（动画首作）
gym:关都地区:小刚:1,小刚,gym,tier1,onix,Onix,4,大岩蛇
gym:关都地区:小刚:1,小刚,gym,tier1,omastar,Omastar,3,多刺菊石兽
gym:关都地区:小刚:1,小刚,gym,tier1,kabutops,Kabutops,3,镰刀盔
gym:关都地区:小刚:1,小刚,gym,tier1,golem,Golem,2,隆隆岩
gym:关都地区:小刚:1,小刚,gym,tier1,geodude,Geodude,1,小拳石
gym:关都地区:小刚:1,小刚,gym,tier1,graveler,Graveler,1,隆隆石
gym:关都地区:小刚:1,小刚,gym,tier1,rhyhorn,Rhyhorn,1,独角犀牛
gym:关都地区:小刚:1,小刚,gym,tier1,aerodactyl,Aerodactyl,1,化石翼龙
gym:关都地区:小刚:1,小刚,gym,tier1,relicanth,Relicanth,1,古空棘鱼
gym:关都地区:小刚:1,小刚,gym,tier1,rampardos,Rampardos,1,战槌龙
gym:关都地区:小霞:2,小霞,gym,tier1,starmie,Starmie,5,宝石海星
gym:关都地区:小霞:2,小霞,gym,tier1,golduck,Golduck,2,哥达鸭
gym:关都地区:小霞:2,小霞,gym,tier1,quagsire,Quagsire,2,沼王
gym:关都地区:小霞:2,小霞,gym,tier1,lapras,Lapras,2,拉普拉斯
gym:关都地区:小霞:2,小霞,gym,tier1,staryu,Staryu,1,海星星
gym:关都地区:小霞:2,小霞,gym,tier1,psyduck,Psyduck,1,可达鸭
gym:关都地区:小霞:2,小霞,gym,tier1,dewgong,Dewgong,1,白海狮
gym:关都地区:小霞:2,小霞,gym,tier1,vaporeon,Vaporeon,1,水伊布
gym:关都地区:小霞:2,小霞,gym,tier1,gyarados,Gyarados,1,暴鲤龙
gym:关都地区:小霞:2,小霞,gym,tier1,lanturn,Lanturn,1,电灯怪
gym:关都地区:小霞:2,小霞,gym,tier1,floatzel,Floatzel,1,浮潜鼬
gym:关都地区:小霞:2,小霞,gym,tier1,milotic,Milotic,1,美纳斯
gym:合众地区:艾莉丝:13,艾莉丝,gym,tier3,druddigon,Druddigon,21,赤面龙|manual-high-confidence
gym:合众地区:艾莉丝:13,艾莉丝,gym,tier3,haxorus,Haxorus,21,双斧战龙|manual-high-confidence
gym:合众地区:艾莉丝:13,艾莉丝,gym,tier3,hydreigon,Hydreigon,20,manual-high-confidence
gym:合众地区:艾莉丝:13,艾莉丝,gym,tier3,aggron,Aggron,20,manual-high-confidence
gym:合众地区:艾莉丝:13,艾莉丝,gym,tier3,archeops,Archeops,20,manual-high-confidence
gym:合众地区:艾莉丝:13,艾莉丝,gym,tier3,lapras,Lapras,20,manual-high-confidence
gym:合众地区:艾莉丝:13,艾莉丝,gym,tier3,fraxure,Fraxure,1,斧牙龙
gym:合众地区:伯特:2,伯特,gym,tier1,pansear,Pansear,2,爆香猴
gym:合众地区:伯特:2,伯特,gym,tier1,lillipup,Lillipup,1,小约克
gym:合众地区:风露:10,风露,gym,tier2,swoobat,Swoobat,4,心蝙蝠
gym:合众地区:风露:10,风露,gym,tier2,swanna,Swanna,4,舞天鹅
gym:合众地区:风露:10,风露,gym,tier2,unfezant,Unfezant,2,高傲雉鸡
gym:合众地区:风露:10,风露,gym,tier2,skarmory,Skarmory,2,盔甲鸟
gym:合众地区:风露:10,风露,gym,tier2,sigilyph,Sigilyph,1,象征鸟
gym:合众地区:哈奇库:11,哈奇库,gym,tier3,vanillish,Vanillish,2,多多冰
gym:合众地区:哈奇库:11,哈奇库,gym,tier3,beartic,Beartic,2,冻原熊
gym:合众地区:哈奇库:11,哈奇库,gym,tier3,cryogonal,Cryogonal,2,几何雪花
gym:合众地区:黑连:5,黑连,gym,tier1,patrat,Patrat,2,探探鼠
gym:合众地区:黑连:5,黑连,gym,tier1,lillipup,Lillipup,2,小约克
gym:合众地区:黑连:5,黑连,gym,tier1,pidove,Pidove,1,豆豆鸽
gym:合众地区:黑连:5,黑连,gym,tier1,herdier,Herdier,1,哈约克
gym:合众地区:霍米加:6,霍米加,gym,tier2,koffing,Koffing,3,瓦斯弹
gym:合众地区:霍米加:6,霍米加,gym,tier2,whirlipede,Whirlipede,2,车轮球
gym:合众地区:霍米加:6,霍米加,gym,tier2,grimer,Grimer,1,臭泥
gym:合众地区:霍米加:6,霍米加,gym,tier2,scolipede,Scolipede,1,蜈蚣王
gym:合众地区:霍米加:6,霍米加,gym,tier2,garbodor,Garbodor,1,灰尘山
gym:合众地区:菊老大:9,菊老大,gym,tier2,krokorok,Krokorok,4,混混鳄
gym:合众地区:菊老大:9,菊老大,gym,tier2,excadrill,Excadrill,4,龙头地鼠
gym:合众地区:菊老大:9,菊老大,gym,tier2,palpitoad,Palpitoad,2,蓝蟾蜍
gym:合众地区:菊老大:9,菊老大,gym,tier2,sandslash,Sandslash,2,穿山王
gym:合众地区:菊老大:9,菊老大,gym,tier2,onix,Onix,1,大岩蛇
gym:合众地区:寇恩:3,寇恩,gym,tier1,panpour,Panpour,2,冷水猴
gym:合众地区:寇恩:3,寇恩,gym,tier1,lillipup,Lillipup,1,小约克
gym:合众地区:芦荟:4,芦荟,gym,tier1,herdier,Herdier,2,哈约克
gym:合众地区:芦荟:4,芦荟,gym,tier1,watchog,Watchog,2,步哨鼠
gym:合众地区:芦荟:4,芦荟,gym,tier1,lillipup,Lillipup,1,小约克
gym:合众地区:天桐:1,天桐,gym,tier1,lillipup,Lillipup,1,小约克
gym:合众地区:天桐:1,天桐,gym,tier1,pansage,Pansage,1,花椰猴
gym:合众地区:西子伊:14,西子伊,gym,tier3,wailord,Wailord,3,吼鲸王
gym:合众地区:西子伊:14,西子伊,gym,tier3,jellicent,Jellicent,3,胖嘟嘟
gym:合众地区:西子伊:14,西子伊,gym,tier3,carracosta,Carracosta,2,肋骨海龟
gym:合众地区:西子伊:14,西子伊,gym,tier3,mantine,Mantine,2,巨翅飞鱼
gym:合众地区:夏卡:12,夏卡,gym,tier3,druddigon,Druddigon,3,赤面龙
gym:合众地区:夏卡:12,夏卡,gym,tier3,haxorus,Haxorus,3,双斧战龙
gym:合众地区:夏卡:12,夏卡,gym,tier3,flygon,Flygon,2,沙漠蜻蜓
gym:合众地区:夏卡:12,夏卡,gym,tier3,altaria,Altaria,1,七夕青鸟
gym:合众地区:小菊儿:8,小菊儿,gym,tier2,emolga,Emolga,5,电飞鼠
gym:合众地区:小菊儿:8,小菊儿,gym,tier2,zebstrika,Zebstrika,4,雷电斑马
gym:合众地区:小菊儿:8,小菊儿,gym,tier2,flaaffy,Flaaffy,2,茸茸羊
gym:合众地区:小菊儿:8,小菊儿,gym,tier2,joltik,Joltik,1,电电虫
gym:合众地区:小菊儿:8,小菊儿,gym,tier2,tynamo,Tynamo,1,麻麻小鱼
gym:合众地区:亚堤:7,亚堤,gym,tier2,dwebble,Dwebble,4,石居蟹
gym:合众地区:亚堤:7,亚堤,gym,tier2,leavanny,Leavanny,4,保姆虫
gym:合众地区:亚堤:7,亚堤,gym,tier2,whirlipede,Whirlipede,2,车轮球
gym:合众地区:亚堤:7,亚堤,gym,tier2,swadloon,Swadloon,1,宝包茧
gym:合众地区:亚堤:7,亚堤,gym,tier2,shelmet,Shelmet,1,小嘴蜗
gym:合众地区:亚堤:7,亚堤,gym,tier2,karrablast,Karrablast,1,盖盖虫
gym:伽勒尔地区:波普菈:6,波普菈,gym,tier2,mawile,Mawile,5,大嘴娃
gym:伽勒尔地区:波普菈:6,波普菈,gym,tier2,rapidash,Rapidash,4,烈焰马
gym:伽勒尔地区:波普菈:6,波普菈,gym,tier2,hatterene,Hatterene,4,布莉姆温
gym:伽勒尔地区:波普菈:6,波普菈,gym,tier2,alcremie,Alcremie,3,霜奶仙
gym:伽勒尔地区:波普菈:6,波普菈,gym,tier2,gardevoir,Gardevoir,3,沙奈朵
gym:伽勒尔地区:波普菈:6,波普菈,gym,tier2,weezing,Weezing,1,双弹瓦斯
gym:伽勒尔地区:波普菈:6,波普菈,gym,tier2,togekiss,Togekiss,1,波克基斯
gym:伽勒尔地区:波普菈:6,波普菈,gym,tier2,sylveon,Sylveon,1,仙子伊布
gym:伽勒尔地区:彩豆:4,彩豆,gym,tier1,machamp,Machamp,3,怪力
gym:伽勒尔地区:彩豆:4,彩豆,gym,tier1,sirfetchd,Sirfetch’d,2,葱游兵
gym:伽勒尔地区:彩豆:4,彩豆,gym,tier1,hawlucha,Hawlucha,2,摔角鹰人
gym:伽勒尔地区:彩豆:4,彩豆,gym,tier1,falinks,Falinks,2,列阵兵
gym:伽勒尔地区:彩豆:4,彩豆,gym,tier1,hitmontop,Hitmontop,1,战舞郎
gym:伽勒尔地区:彩豆:4,彩豆,gym,tier1,pangoro,Pangoro,1,霸道熊猫
gym:伽勒尔地区:彩豆:4,彩豆,gym,tier1,grapploct,Grapploct,1,八爪武师
gym:伽勒尔地区:卡芜:3,卡芜,gym,tier1,centiskorch,Centiskorch,5,焚焰蚣
gym:伽勒尔地区:卡芜:3,卡芜,gym,tier1,arcanine,Arcanine,3,风速狗
gym:伽勒尔地区:卡芜:3,卡芜,gym,tier1,ninetales,Ninetales,2,九尾
gym:伽勒尔地区:卡芜:3,卡芜,gym,tier1,torkoal,Torkoal,2,煤炭龟
gym:伽勒尔地区:卡芜:3,卡芜,gym,tier1,salazzle,Salazzle,1,焰后蜥
gym:伽勒尔地区:露璃娜:2,露璃娜,gym,tier1,drednaw,Drednaw,5,暴噬龟
gym:伽勒尔地区:露璃娜:2,露璃娜,gym,tier1,golisopod,Golisopod,3,具甲武者
gym:伽勒尔地区:露璃娜:2,露璃娜,gym,tier1,pelipper,Pelipper,2,大嘴鸥
gym:伽勒尔地区:露璃娜:2,露璃娜,gym,tier1,toxapex,Toxapex,2,超坏星
gym:伽勒尔地区:露璃娜:2,露璃娜,gym,tier1,goldeen,Goldeen,1,角金鱼
gym:伽勒尔地区:露璃娜:2,露璃娜,gym,tier1,arrokuda,Arrokuda,1,刺梭鱼
gym:伽勒尔地区:露璃娜:2,露璃娜,gym,tier1,seaking,Seaking,1,金鱼王
gym:伽勒尔地区:露璃娜:2,露璃娜,gym,tier1,barraskewda,Barraskewda,1,戽斗尖梭
gym:伽勒尔地区:露璃娜:2,露璃娜,gym,tier1,quagsire,Quagsire,1,沼王
gym:伽勒尔地区:玛瓜:7,玛瓜,gym,tier2,shuckle,Shuckle,3,壶壶
gym:伽勒尔地区:玛瓜:7,玛瓜,gym,tier2,coalossal,Coalossal,3,巨炭山
gym:伽勒尔地区:玛瓜:7,玛瓜,gym,tier2,barbaracle,Barbaracle,2,龟足巨铠
gym:伽勒尔地区:玛瓜:7,玛瓜,gym,tier2,stonjourner,Stonjourner,2,巨石丁
gym:伽勒尔地区:玛瓜:7,玛瓜,gym,tier2,tyranitar,Tyranitar,2,班基拉斯
gym:伽勒尔地区:美蓉:8,美蓉,gym,tier3,darmanitan,Darmanitan,3,达摩狒狒
gym:伽勒尔地区:美蓉:8,美蓉,gym,tier3,lapras,Lapras,3,拉普拉斯
gym:伽勒尔地区:美蓉:8,美蓉,gym,tier3,frosmoth,Frosmoth,2,雪绒蛾
gym:伽勒尔地区:美蓉:8,美蓉,gym,tier3,eiscue,Eiscue,2,冰砌鹅
gym:伽勒尔地区:美蓉:8,美蓉,gym,tier3,mrrime,Mr. Rime,2,踏冰人偶
gym:伽勒尔地区:聂梓:9,聂梓,gym,tier3,scrafty,Scrafty,3,头巾混混
gym:伽勒尔地区:聂梓:9,聂梓,gym,tier3,obstagoon,Obstagoon,2,堵拦熊
gym:伽勒尔地区:聂梓:9,聂梓,gym,tier3,morpeko,Morpeko,2,莫鲁贝可
gym:伽勒尔地区:聂梓:9,聂梓,gym,tier3,grimmsnarl,Grimmsnarl,2,长毛巨魔
gym:伽勒尔地区:聂梓:9,聂梓,gym,tier3,toxtricity,Toxtricity,2,颤弦蝾螈
gym:伽勒尔地区:聂梓:9,聂梓,gym,tier3,malamar,Malamar,1,乌贼王
gym:伽勒尔地区:聂梓:9,聂梓,gym,tier3,skuntank,Skuntank,1,坦克臭鼬
gym:伽勒尔地区:聂梓:9,聂梓,gym,tier3,liepard,Liepard,1,酷豹
gym:伽勒尔地区:聂梓:9,聂梓,gym,tier3,toxicroak,Toxicroak,1,毒骷蛙
gym:伽勒尔地区:聂梓:9,聂梓,gym,tier3,rillaboom,Rillaboom,1,轰擂金刚猩
gym:伽勒尔地区:欧尼奥:5,欧尼奥,gym,tier2,cursola,Cursola,5,魔灵珊瑚
gym:伽勒尔地区:欧尼奥:5,欧尼奥,gym,tier2,gengar,Gengar,4,耿鬼
gym:伽勒尔地区:欧尼奥:5,欧尼奥,gym,tier2,dusknoir,Dusknoir,3,黑夜魔灵
gym:伽勒尔地区:欧尼奥:5,欧尼奥,gym,tier2,chandelure,Chandelure,2,水晶灯火灵
gym:伽勒尔地区:欧尼奥:5,欧尼奥,gym,tier2,yamask,Yamask,1,哭哭面具
gym:伽勒尔地区:欧尼奥:5,欧尼奥,gym,tier2,mimikyu,Mimikyu,1,谜拟丘
gym:伽勒尔地区:欧尼奥:5,欧尼奥,gym,tier2,polteageist,Polteageist,1,怖思壶
gym:伽勒尔地区:欧尼奥:5,欧尼奥,gym,tier2,runerigus,Runerigus,1,迭失板
gym:伽勒尔地区:奇巴纳:10,奇巴纳,gym,tier3,duraludon,Duraludon,5,铝钢龙
gym:伽勒尔地区:奇巴纳:10,奇巴纳,gym,tier3,flygon,Flygon,4,沙漠蜻蜓
gym:伽勒尔地区:奇巴纳:10,奇巴纳,gym,tier3,slowking,Slowking,4,呆呆王
gym:伽勒尔地区:奇巴纳:10,奇巴纳,gym,tier3,slowbro,Slowbro,4,呆壳兽
gym:伽勒尔地区:奇巴纳:10,奇巴纳,gym,tier3,goodra,Goodra,3,黏美龙
gym:伽勒尔地区:奇巴纳:10,奇巴纳,gym,tier3,scolipede,Scolipede,2,蜈蚣王
gym:伽勒尔地区:奇巴纳:10,奇巴纳,gym,tier3,alakazam,Alakazam,2,胡地
gym:伽勒尔地区:奇巴纳:10,奇巴纳,gym,tier3,machamp,Machamp,2,怪力
gym:伽勒尔地区:奇巴纳:10,奇巴纳,gym,tier3,gigalith,Gigalith,1,庞岩怪
gym:伽勒尔地区:奇巴纳:10,奇巴纳,gym,tier3,sandaconda,Sandaconda,1,沙螺蟒
gym:伽勒尔地区:奇巴纳:10,奇巴纳,gym,tier3,torkoal,Torkoal,1,煤炭龟
gym:伽勒尔地区:奇巴纳:10,奇巴纳,gym,tier3,turtonator,Turtonator,1,爆焰龟兽
gym:伽勒尔地区:奇巴纳:10,奇巴纳,gym,tier3,weezing,Weezing,1,双弹瓦斯
gym:伽勒尔地区:奇巴纳:10,奇巴纳,gym,tier3,drapion,Drapion,1,龙王蝎
gym:伽勒尔地区:奇巴纳:10,奇巴纳,gym,tier3,swoobat,Swoobat,1,心蝙蝠
gym:伽勒尔地区:奇巴纳:10,奇巴纳,gym,tier3,rapidash,Rapidash,1,烈焰马
gym:伽勒尔地区:奇巴纳:10,奇巴纳,gym,tier3,grapploct,Grapploct,1,八爪武师
gym:伽勒尔地区:奇巴纳:10,奇巴纳,gym,tier3,hawlucha,Hawlucha,1,摔角鹰人
gym:伽勒尔地区:奇巴纳:10,奇巴纳,gym,tier3,hitmontop,Hitmontop,1,战舞郎
gym:伽勒尔地区:奇巴纳:10,奇巴纳,gym,tier3,machop,Machop,1,腕力
gym:伽勒尔地区:奇巴纳:10,奇巴纳,gym,tier3,machoke,Machoke,1,豪力
gym:伽勒尔地区:奇巴纳:10,奇巴纳,gym,tier3,tyrogue,Tyrogue,1,无畏小子
gym:伽勒尔地区:奇巴纳:10,奇巴纳,gym,tier3,sawk,Sawk,1,打击鬼
gym:伽勒尔地区:奇巴纳:10,奇巴纳,gym,tier3,throh,Throh,1,投摔鬼
gym:伽勒尔地区:奇巴纳:10,奇巴纳,gym,tier3,scraggy,Scraggy,1,滑滑小子
gym:伽勒尔地区:奇巴纳:10,奇巴纳,gym,tier3,pangoro,Pangoro,1,霸道熊猫
gym:伽勒尔地区:奇巴纳:10,奇巴纳,gym,tier3,falinks,Falinks,1,列阵兵
gym:伽勒尔地区:亚洛:1,亚洛,gym,tier1,cherrim,Cherrim,4,樱花儿
gym:伽勒尔地区:亚洛:1,亚洛,gym,tier1,eldegoss,Eldegoss,3,白蓬蓬
gym:伽勒尔地区:亚洛:1,亚洛,gym,tier1,flapple,Flapple,3,苹裹龙
gym:伽勒尔地区:亚洛:1,亚洛,gym,tier1,appletun,Appletun,3,丰蜜龙
gym:伽勒尔地区:亚洛:1,亚洛,gym,tier1,shiftry,Shiftry,2,狡猾天狗
gym:伽勒尔地区:亚洛:1,亚洛,gym,tier1,bellossom,Bellossom,2,美丽花
gym:伽勒尔地区:亚洛:1,亚洛,gym,tier1,ludicolo,Ludicolo,2,乐天河童
gym:伽勒尔地区:亚洛:1,亚洛,gym,tier1,gossifleur,Gossifleur,1,幼棉棉
gym:卡洛斯地区:查克洛:2,查克洛,gym,tier1,tyrunt,Tyrunt,2,宝宝暴龙
gym:卡洛斯地区:查克洛:2,查克洛,gym,tier1,amaura,Amaura,1,冰雪龙
gym:卡洛斯地区:查克洛:2,查克洛,gym,tier1,onix,Onix,1,大岩蛇
gym:卡洛斯地区:查克洛:2,查克洛,gym,tier1,mienfoo,Mienfoo,1,功夫鼬
gym:卡洛斯地区:查克洛:2,查克洛,gym,tier1,mienshao,Mienshao,1,师父鼬
gym:卡洛斯地区:查克洛:2,查克洛,gym,tier1,machoke,Machoke,1,豪力
gym:卡洛斯地区:得抚:8,得抚,gym,tier3,abomasnow,Abomasnow,3,暴雪王
gym:卡洛斯地区:得抚:8,得抚,gym,tier3,avalugg,Avalugg,2,冰岩怪
gym:卡洛斯地区:得抚:8,得抚,gym,tier3,cryogonal,Cryogonal,1,几何雪花
gym:卡洛斯地区:得抚:8,得抚,gym,tier3,bergmite,Bergmite,1,冰宝
gym:卡洛斯地区:福爷:4,福爷,gym,tier2,jumpluff,Jumpluff,2,毽子棉
gym:卡洛斯地区:福爷:4,福爷,gym,tier2,weepinbell,Weepinbell,2,口呆花
gym:卡洛斯地区:福爷:4,福爷,gym,tier2,gogoat,Gogoat,2,坐骑山羊
gym:卡洛斯地区:葛吉花:7,葛吉花,gym,tier3,meowstic,Meowstic,3,超能妙喵
gym:卡洛斯地区:葛吉花:7,葛吉花,gym,tier3,sigilyph,Sigilyph,1,象征鸟
gym:卡洛斯地区:葛吉花:7,葛吉花,gym,tier3,slowking,Slowking,1,呆呆王
gym:卡洛斯地区:可尔妮:3,可尔妮,gym,tier1,mienfoo,Mienfoo,1,功夫鼬
gym:卡洛斯地区:可尔妮:3,可尔妮,gym,tier1,machoke,Machoke,1,豪力
gym:卡洛斯地区:可尔妮:3,可尔妮,gym,tier1,hawlucha,Hawlucha,1,摔角鹰人
gym:卡洛斯地区:玛绣:6,玛绣,gym,tier2,mawile,Mawile,2,大嘴娃
gym:卡洛斯地区:玛绣:6,玛绣,gym,tier2,mrmime,Mr. Mime,2,魔墙人偶
gym:卡洛斯地区:玛绣:6,玛绣,gym,tier2,sylveon,Sylveon,2,仙子伊布
gym:卡洛斯地区:玛绣:6,玛绣,gym,tier2,spritzee,Spritzee,1,粉香香
gym:卡洛斯地区:希特隆:5,希特隆,gym,tier2,emolga,Emolga,1,电飞鼠
gym:卡洛斯地区:希特隆:5,希特隆,gym,tier2,magneton,Magneton,1,三合一磁怪
gym:卡洛斯地区:希特隆:5,希特隆,gym,tier2,heliolisk,Heliolisk,1,光电伞蜥
gym:卡洛斯地区:紫罗兰:1,紫罗兰,gym,tier1,surskit,Surskit,2,溜溜糖球
gym:卡洛斯地区:紫罗兰:1,紫罗兰,gym,tier1,vivillon,Vivillon,2,彩粉蝶
gym:帕底亚地区:阿枫:1,阿枫,gym,tier1,lokix,Lokix,3,烈腿蝗
gym:帕底亚地区:阿枫:1,阿枫,gym,tier1,teddiursa,Teddiursa,2,熊宝宝
gym:帕底亚地区:阿枫:1,阿枫,gym,tier1,forretress,Forretress,2,佛烈托斯
gym:帕底亚地区:阿枫:1,阿枫,gym,tier1,spidops,Spidops,2,操陷蛛
gym:帕底亚地区:阿枫:1,阿枫,gym,tier1,heracross,Heracross,2,赫拉克罗斯
gym:帕底亚地区:阿枫:1,阿枫,gym,tier1,ursaring,Ursaring,2,圈圈熊
gym:帕底亚地区:阿枫:1,阿枫,gym,tier1,nymble,Nymble,1,豆蟋蟀
gym:帕底亚地区:阿枫:1,阿枫,gym,tier1,tarountula,Tarountula,1,团珠蛛
gym:帕底亚地区:阿枫:1,阿枫,gym,tier1,araquanid,Araquanid,1,滴蛛霸
gym:帕底亚地区:古鲁夏:8,古鲁夏,gym,tier3,cetitan,Cetitan,4,浩大鲸
gym:帕底亚地区:古鲁夏:8,古鲁夏,gym,tier3,altaria,Altaria,4,七夕青鸟
gym:帕底亚地区:古鲁夏:8,古鲁夏,gym,tier3,frosmoth,Frosmoth,3,雪绒蛾
gym:帕底亚地区:古鲁夏:8,古鲁夏,gym,tier3,beartic,Beartic,3,冻原熊
gym:帕底亚地区:古鲁夏:8,古鲁夏,gym,tier3,weavile,Weavile,2,玛狃拉
gym:帕底亚地区:古鲁夏:8,古鲁夏,gym,tier3,poliwag,Poliwag,2,蚊香蝌蚪
gym:帕底亚地区:古鲁夏:8,古鲁夏,gym,tier3,luvdisc,Luvdisc,2,卡斯林与爱琳
gym:帕底亚地区:古鲁夏:8,古鲁夏,gym,tier3,ninetales,Ninetales,1,九尾
gym:帕底亚地区:古鲁夏:8,古鲁夏,gym,tier3,graveler,Graveler,1,隆隆石
gym:帕底亚地区:古鲁夏:8,古鲁夏,gym,tier3,golem,Golem,1,隆隆岩
gym:帕底亚地区:古鲁夏:8,古鲁夏,gym,tier3,marill,Marill,1,玛力露
gym:帕底亚地区:古鲁夏:8,古鲁夏,gym,tier3,blastoise,Blastoise,1,水箭龟
gym:帕底亚地区:古鲁夏:8,古鲁夏,gym,tier3,mantine,Mantine,1,巨翅飞鱼
gym:帕底亚地区:古鲁夏:8,古鲁夏,gym,tier3,gyarados,Gyarados,1,暴鲤龙
gym:帕底亚地区:古鲁夏:8,古鲁夏,gym,tier3,vaporeon,Vaporeon,1,水伊布
gym:帕底亚地区:古鲁夏:8,古鲁夏,gym,tier3,slowpoke,Slowpoke,1,呆呆兽
gym:帕底亚地区:古鲁夏:8,古鲁夏,gym,tier3,tentacruel,Tentacruel,1,毒刺水母
gym:帕底亚地区:古鲁夏:8,古鲁夏,gym,tier3,rhyperior,Rhyperior,1,超甲狂犀
gym:帕底亚地区:古鲁夏:8,古鲁夏,gym,tier3,poliwhirl,Poliwhirl,1,蚊香君
gym:帕底亚地区:古鲁夏:8,古鲁夏,gym,tier3,goldeen,Goldeen,1,角金鱼
gym:帕底亚地区:古鲁夏:8,古鲁夏,gym,tier3,seaking,Seaking,1,金鱼王
gym:帕底亚地区:古鲁夏:8,古鲁夏,gym,tier3,cetoddle,Cetoddle,1,走鲸
gym:帕底亚地区:海岱:4,海岱,gym,tier2,wugtrio,Wugtrio,4,三海地鼠
gym:帕底亚地区:海岱:4,海岱,gym,tier2,veluza,Veluza,3,轻身鳕
gym:帕底亚地区:海岱:4,海岱,gym,tier2,crabominable,Crabominable,3,好胜毛蟹
gym:帕底亚地区:海岱:4,海岱,gym,tier2,pelipper,Pelipper,2,大嘴鸥
gym:帕底亚地区:海岱:4,海岱,gym,tier2,clawitzer,Clawitzer,2,钢炮臂虾
gym:帕底亚地区:海岱:4,海岱,gym,tier2,feraligatr,Feraligatr,1,大力鳄
gym:帕底亚地区:寇沙:2,寇沙,gym,tier1,sudowoodo,Sudowoodo,4,树才怪|树材怪
gym:帕底亚地区:寇沙:2,寇沙,gym,tier1,lilligant,Lilligant,2,裙儿小姐
gym:帕底亚地区:寇沙:2,寇沙,gym,tier1,breloom,Breloom,2,斗笠菇
gym:帕底亚地区:寇沙:2,寇沙,gym,tier1,tsareena,Tsareena,2,甜冷美后
gym:帕底亚地区:寇沙:2,寇沙,gym,tier1,arboliva,Arboliva,2,奥利瓦
gym:帕底亚地区:寇沙:2,寇沙,gym,tier1,petilil,Petilil,1,百合根娃娃
gym:帕底亚地区:寇沙:2,寇沙,gym,tier1,smoliv,Smoliv,1,迷你芙
gym:帕底亚地区:寇沙:2,寇沙,gym,tier1,vileplume,Vileplume,1,霸王花
gym:帕底亚地区:寇沙:2,寇沙,gym,tier1,dolliv,Dolliv,1,奥利钮
gym:帕底亚地区:莱姆:6,莱姆,gym,tier2,houndstone,Houndstone,4,墓扬犬
gym:帕底亚地区:莱姆:6,莱姆,gym,tier2,toxtricity,Toxtricity,4,颤弦蝾螈
gym:帕底亚地区:莱姆:6,莱姆,gym,tier2,banette,Banette,3,诅咒娃娃
gym:帕底亚地区:莱姆:6,莱姆,gym,tier2,mimikyu,Mimikyu,3,谜拟丘
gym:帕底亚地区:莱姆:6,莱姆,gym,tier2,spiritomb,Spiritomb,2,花岩怪
gym:帕底亚地区:莱姆:6,莱姆,gym,tier2,golurk,Golurk,1,泥偶巨人
gym:帕底亚地区:莉普:7,莉普,gym,tier3,espathra,Espathra,4,超能艳鸵
gym:帕底亚地区:莉普:7,莉普,gym,tier3,farigiraf,Farigiraf,3,奇麒麟
gym:帕底亚地区:莉普:7,莉普,gym,tier3,gardevoir,Gardevoir,3,沙奈朵
gym:帕底亚地区:莉普:7,莉普,gym,tier3,florges,Florges,3,花洁夫人
gym:帕底亚地区:莉普:7,莉普,gym,tier3,gallade,Gallade,2,艾路雷朵
gym:帕底亚地区:莉普:7,莉普,gym,tier3,delphox,Delphox,1,妖火红狐
gym:帕底亚地区:奇树:3,奇树,gym,tier1,bellibolt,Bellibolt,4,电肚蛙
gym:帕底亚地区:奇树:3,奇树,gym,tier1,mismagius,Mismagius,3,梦妖魔
gym:帕底亚地区:奇树:3,奇树,gym,tier1,kilowattrel,Kilowattrel,2,大电海燕
gym:帕底亚地区:奇树:3,奇树,gym,tier1,electrode,Electrode,2,顽皮雷弹
gym:帕底亚地区:奇树:3,奇树,gym,tier1,luxray,Luxray,2,伦琴猫
gym:帕底亚地区:奇树:3,奇树,gym,tier1,wattrel,Wattrel,1,电海燕
gym:帕底亚地区:奇树:3,奇树,gym,tier1,luxio,Luxio,1,勒克猫
gym:帕底亚地区:奇树:3,奇树,gym,tier1,electivire,Electivire,1,电击魔兽
gym:帕底亚地区:青木:5,青木,gym,tier2,staraptor,Staraptor,6,姆克鹰
gym:帕底亚地区:青木:5,青木,gym,tier2,dudunsparce,Dudunsparce,5,土龙节节
gym:帕底亚地区:青木:5,青木,gym,tier2,flamigo,Flamigo,4,缠红鹤
gym:帕底亚地区:青木:5,青木,gym,tier2,oinkologne,Oinkologne,3,飘香豚
gym:帕底亚地区:青木:5,青木,gym,tier2,altaria,Altaria,3,七夕青鸟
gym:帕底亚地区:青木:5,青木,gym,tier2,komala,Komala,2,树枕尾熊
gym:帕底亚地区:青木:5,青木,gym,tier2,tauros,Tauros,2,肯泰罗
gym:帕底亚地区:青木:5,青木,gym,tier2,oricorio,Oricorio,2,花舞鸟
gym:帕底亚地区:青木:5,青木,gym,tier2,braviary,Braviary,1,勇士雄鹰
gym:帕底亚地区:青木:5,青木,gym,tier2,greedent,Greedent,1,藏饱栗鼠
gym:帕底亚地区:青木:5,青木,gym,tier2,tropius,Tropius,1,热带龙
gym:神奥地区:阿李:3,阿李,gym,tier1,lucario,Lucario,7,路卡利欧
gym:神奥地区:阿李:3,阿李,gym,tier1,hitmontop,Hitmontop,5,战舞郎
gym:神奥地区:阿李:3,阿李,gym,tier1,breloom,Breloom,3,斗笠菇
gym:神奥地区:阿李:3,阿李,gym,tier1,meditite,Meditite,2,玛沙那
gym:神奥地区:阿李:3,阿李,gym,tier1,machoke,Machoke,2,豪力
gym:神奥地区:阿李:3,阿李,gym,tier1,medicham,Medicham,2,恰雷姆
gym:神奥地区:阿李:3,阿李,gym,tier1,infernape,Infernape,2,烈焰猴
gym:神奥地区:阿李:3,阿李,gym,tier1,blaziken,Blaziken,2,火焰鸡
gym:神奥地区:阿李:3,阿李,gym,tier1,machamp,Machamp,1,怪力
gym:神奥地区:阿李:3,阿李,gym,tier1,heracross,Heracross,1,赫拉克罗斯
gym:神奥地区:阿李:3,阿李,gym,tier1,empoleon,Empoleon,1,帝王拿波
gym:神奥地区:阿李:3,阿李,gym,tier1,dragonite,Dragonite,1,快龙
gym:神奥地区:阿李:3,阿李,gym,tier1,gallade,Gallade,1,艾路雷朵
gym:神奥地区:菜种:2,菜种,gym,tier1,roserade,Roserade,8,罗丝雷朵
gym:神奥地区:菜种:2,菜种,gym,tier1,turtwig,Turtwig,3,草苗龟
gym:神奥地区:菜种:2,菜种,gym,tier1,cherrim,Cherrim,3,樱花儿
gym:神奥地区:菜种:2,菜种,gym,tier1,torterra,Torterra,3,土台龟
gym:神奥地区:菜种:2,菜种,gym,tier1,breloom,Breloom,3,斗笠菇
gym:神奥地区:菜种:2,菜种,gym,tier1,cherubi,Cherubi,2,樱花宝
gym:神奥地区:菜种:2,菜种,gym,tier1,jumpluff,Jumpluff,2,毽子棉
gym:神奥地区:菜种:2,菜种,gym,tier1,bellossom,Bellossom,2,美丽花
gym:神奥地区:菜种:2,菜种,gym,tier1,rotom,Rotom,2,洛托姆
gym:神奥地区:菜种:2,菜种,gym,tier1,venusaur,Venusaur,2,妙蛙花
gym:神奥地区:菜种:2,菜种,gym,tier1,sunflora,Sunflora,1,向日花怪
gym:神奥地区:菜种:2,菜种,gym,tier1,cradily,Cradily,1,摇篮百合
gym:神奥地区:菜种:2,菜种,gym,tier1,milotic,Milotic,1,美纳斯
gym:神奥地区:菜种:2,菜种,gym,tier1,ninetales,Ninetales,1,九尾
gym:神奥地区:菜种:2,菜种,gym,tier1,shiftry,Shiftry,1,狡猾天狗
gym:神奥地区:菜种:2,菜种,gym,tier1,tangrowth,Tangrowth,1,巨蔓藤
gym:神奥地区:菜种:2,菜种,gym,tier1,nuzleaf,Nuzleaf,1,长鼻叶
gym:神奥地区:菜种:2,菜种,gym,tier1,vileplume,Vileplume,1,霸王花
gym:神奥地区:菜种:2,菜种,gym,tier1,victreebel,Victreebel,1,大食花
gym:神奥地区:电次:8,电次,gym,tier3,luxray,Luxray,8,伦琴猫
gym:神奥地区:电次:8,电次,gym,tier3,electivire,Electivire,8,电击魔兽
gym:神奥地区:电次:8,电次,gym,tier3,raichu,Raichu,5,雷丘
gym:神奥地区:电次:8,电次,gym,tier3,jolteon,Jolteon,5,雷伊布
gym:神奥地区:电次:8,电次,gym,tier3,zapdos,Zapdos,4,闪电鸟
gym:神奥地区:电次:8,电次,gym,tier3,rotom,Rotom,3,洛托姆
gym:神奥地区:电次:8,电次,gym,tier3,lanturn,Lanturn,2,电灯怪
gym:神奥地区:电次:8,电次,gym,tier3,octillery,Octillery,1,章鱼桶
gym:神奥地区:电次:8,电次,gym,tier3,ambipom,Ambipom,1,双尾怪手
gym:神奥地区:电次:8,电次,gym,tier3,pelipper,Pelipper,1,大嘴鸥
gym:神奥地区:电次:8,电次,gym,tier3,magnezone,Magnezone,1,自爆磁怪
gym:神奥地区:电次:8,电次,gym,tier3,gyarados,Gyarados,1,暴鲤龙
gym:神奥地区:电次:8,电次,gym,tier3,swampert,Swampert,1,巨沼怪
gym:神奥地区:电次:8,电次,gym,tier3,crustle,Crustle,1,岩殿居蟹
gym:神奥地区:电次:8,电次,gym,tier3,stunfisk,Stunfisk,1,泥巴鱼
gym:神奥地区:东瓜:6,东瓜,gym,tier2,bastiodon,Bastiodon,9,护城龙
gym:神奥地区:东瓜:6,东瓜,gym,tier2,steelix,Steelix,6,大钢蛇
gym:神奥地区:东瓜:6,东瓜,gym,tier2,bronzor,Bronzor,3,铜镜怪
gym:神奥地区:东瓜:6,东瓜,gym,tier2,aggron,Aggron,3,波士可多拉
gym:神奥地区:东瓜:6,东瓜,gym,tier2,metagross,Metagross,3,巨金怪
gym:神奥地区:东瓜:6,东瓜,gym,tier2,scizor,Scizor,3,巨钳螳螂
gym:神奥地区:东瓜:6,东瓜,gym,tier2,skarmory,Skarmory,2,盔甲鸟
gym:神奥地区:东瓜:6,东瓜,gym,tier2,magnezone,Magnezone,2,自爆磁怪
gym:神奥地区:东瓜:6,东瓜,gym,tier2,heatran,Heatran,2,席多蓝恩
gym:神奥地区:东瓜:6,东瓜,gym,tier2,magneton,Magneton,1,三合一磁怪
gym:神奥地区:东瓜:6,东瓜,gym,tier2,empoleon,Empoleon,1,帝王拿波
gym:神奥地区:东瓜:6,东瓜,gym,tier2,moltres,Moltres,1,火焰鸟
gym:神奥地区:东瓜:6,东瓜,gym,tier2,pelipper,Pelipper,1,大嘴鸥
gym:神奥地区:东瓜:6,东瓜,gym,tier2,bronzong,Bronzong,1,青铜钟
gym:神奥地区:吉宪:4,吉宪,gym,tier2,floatzel,Floatzel,5,浮潜鼬
gym:神奥地区:吉宪:4,吉宪,gym,tier2,gyarados,Gyarados,4,暴鲤龙
gym:神奥地区:吉宪:4,吉宪,gym,tier2,quagsire,Quagsire,3,沼王
gym:神奥地区:吉宪:4,吉宪,gym,tier2,ludicolo,Ludicolo,3,乐天河童
gym:神奥地区:吉宪:4,吉宪,gym,tier2,politoed,Politoed,2,蚊香蛙皇
gym:神奥地区:吉宪:4,吉宪,gym,tier2,kingdra,Kingdra,2,刺龙王
gym:神奥地区:吉宪:4,吉宪,gym,tier2,sharpedo,Sharpedo,1,巨牙鲨
gym:神奥地区:吉宪:4,吉宪,gym,tier2,huntail,Huntail,1,猎斑鱼
gym:神奥地区:吉宪:4,吉宪,gym,tier2,swampert,Swampert,1,巨沼怪
gym:神奥地区:吉宪:4,吉宪,gym,tier2,suicune,Suicune,1,水君
gym:神奥地区:吉宪:4,吉宪,gym,tier2,armaldo,Armaldo,1,太古盔甲
gym:神奥地区:吉宪:4,吉宪,gym,tier2,pelipper,Pelipper,1,大嘴鸥
gym:神奥地区:吉宪:4,吉宪,gym,tier2,scizor,Scizor,1,巨钳螳螂
gym:神奥地区:梅丽莎:5,梅丽莎,gym,tier2,gengar,Gengar,6,耿鬼
gym:神奥地区:梅丽莎:5,梅丽莎,gym,tier2,mismagius,Mismagius,6,梦妖魔
gym:神奥地区:梅丽莎:5,梅丽莎,gym,tier2,dusknoir,Dusknoir,5,黑夜魔灵
gym:神奥地区:梅丽莎:5,梅丽莎,gym,tier2,drifblim,Drifblim,4,随风球
gym:神奥地区:梅丽莎:5,梅丽莎,gym,tier2,banette,Banette,3,诅咒娃娃
gym:神奥地区:梅丽莎:5,梅丽莎,gym,tier2,sableye,Sableye,2,勾魂眼
gym:神奥地区:梅丽莎:5,梅丽莎,gym,tier2,duskull,Duskull,1,夜巡灵
gym:神奥地区:梅丽莎:5,梅丽莎,gym,tier2,haunter,Haunter,1,鬼斯通
gym:神奥地区:梅丽莎:5,梅丽莎,gym,tier2,froslass,Froslass,1,雪妖女
gym:神奥地区:梅丽莎:5,梅丽莎,gym,tier2,shedinja,Shedinja,1,脱壳忍者
gym:神奥地区:梅丽莎:5,梅丽莎,gym,tier2,crawdaunt,Crawdaunt,1,铁螯龙虾
gym:神奥地区:梅丽莎:5,梅丽莎,gym,tier2,spiritomb,Spiritomb,1,花岩怪
gym:神奥地区:梅丽莎:5,梅丽莎,gym,tier2,dragonite,Dragonite,1,快龙
gym:神奥地区:梅丽莎:5,梅丽莎,gym,tier2,drifloon,Drifloon,1,飘飘球
gym:神奥地区:瓢太:1,瓢太,gym,tier1,rampardos,Rampardos,6,战槌龙|瓢太的战槌龙#动画中
gym:神奥地区:瓢太:1,瓢太,gym,tier1,tyranitar,Tyranitar,6,班基拉斯
gym:神奥地区:瓢太:1,瓢太,gym,tier1,aerodactyl,Aerodactyl,4,化石翼龙
gym:神奥地区:瓢太:1,瓢太,gym,tier1,geodude,Geodude,2,小拳石
gym:神奥地区:瓢太:1,瓢太,gym,tier1,onix,Onix,2,大岩蛇
gym:神奥地区:瓢太:1,瓢太,gym,tier1,cranidos,Cranidos,2,头盖龙|瓢太的头盖龙#动画中
gym:神奥地区:瓢太:1,瓢太,gym,tier1,probopass,Probopass,2,大朝北鼻
gym:神奥地区:瓢太:1,瓢太,gym,tier1,golem,Golem,1,隆隆岩
gym:神奥地区:瓢太:1,瓢太,gym,tier1,armaldo,Armaldo,1,太古盔甲
gym:神奥地区:瓢太:1,瓢太,gym,tier1,relicanth,Relicanth,1,古空棘鱼
gym:神奥地区:瓢太:1,瓢太,gym,tier1,slowbro,Slowbro,1,呆壳兽
gym:神奥地区:瓢太:1,瓢太,gym,tier1,salamence,Salamence,1,暴飞龙
gym:神奥地区:瓢太:1,瓢太,gym,tier1,lunatone,Lunatone,1,月石
gym:神奥地区:瓢太:1,瓢太,gym,tier1,torkoal,Torkoal,1,煤炭龟
gym:神奥地区:小菘:7,小菘,gym,tier3,abomasnow,Abomasnow,9,暴雪王
gym:神奥地区:小菘:7,小菘,gym,tier3,froslass,Froslass,4,雪妖女
gym:神奥地区:小菘:7,小菘,gym,tier3,mamoswine,Mamoswine,4,象牙猪
gym:神奥地区:小菘:7,小菘,gym,tier3,sneasel,Sneasel,3,狃拉
gym:神奥地区:小菘:7,小菘,gym,tier3,weavile,Weavile,3,玛狃拉
gym:神奥地区:小菘:7,小菘,gym,tier3,glaceon,Glaceon,3,冰伊布
gym:神奥地区:小菘:7,小菘,gym,tier3,snover,Snover,2,雪笠怪
gym:神奥地区:小菘:7,小菘,gym,tier3,medicham,Medicham,2,恰雷姆
gym:神奥地区:小菘:7,小菘,gym,tier3,piloswine,Piloswine,1,长毛猪
gym:神奥地区:小菘:7,小菘,gym,tier3,jynx,Jynx,1,迷唇姐
gym:神奥地区:小菘:7,小菘,gym,tier3,regice,Regice,1,雷吉艾斯
gym:神奥地区:小菘:7,小菘,gym,tier3,cloyster,Cloyster,1,刺甲贝
gym:神奥地区:小菘:7,小菘,gym,tier3,heatran,Heatran,1,席多蓝恩
gym:神奥地区:小菘:7,小菘,gym,tier3,lapras,Lapras,1,拉普拉斯
gym:神奥地区:小菘:7,小菘,gym,tier3,venusaur,Venusaur,1,妙蛙花
gym:神奥地区:小菘:7,小菘,gym,tier3,articuno,Articuno,1,急冻鸟
gym:神奥地区:小菘:7,小菘,gym,tier3,dodrio,Dodrio,1,嘟嘟利
