id,type,region,role,tier,name_zh,name_en,front_asset,front_gif_asset,back_asset,avatar_asset,team_pool_ids,enabled,notes
player:斗也,player,,玩家,,斗也,Black,assets/npc/player-front/black-bw-black-c8f5411e.png,,assets/npc/player-back/black-bw-touya-back-b2e0a77d.png,assets/npc/avatars/black-blackchallenge-59553dba.png,,1,Black|Touya|Hilbert|斗也|鬥也
player:斗子,player,,玩家,,斗子,White,assets/npc/player-front/white-bw-white-47ebd684.png,,assets/npc/player-back/white-bw-touko-back-4156e303.png,assets/npc/avatars/white-whitechallenge-b484e228.png,,1,White|Touko|Hilda|斗子|鬥子
player:共平,player,,玩家,,共平,Nate,assets/npc/player-front/nate-spr-b2w2-nate-88f1e9d2.png,,assets/npc/player-back/nate-b2w2-nate-back-e0cef62f.png,assets/npc/avatars/nate-natechallenge-bc589401.png,,1,Nate|共平
player:光辉,player,,玩家,,光辉,Lucas,assets/npc/player-front/lucas-pt-lucas-e2562f58.png,,assets/npc/player-back/lucas-pt-lucas-back-3199c0fb.png,assets/npc/avatars/lucas-lucaschallenge-464ce1f1.png,,1,Lucas|光辉|光輝
player:鸣依,player,,玩家,,鸣依,Rosa,assets/npc/player-front/rosa-spr-b2w2-rosa-b1af3eb8.png,,assets/npc/player-back/rosa-b2w2-rosa-back-405f562e.png,assets/npc/avatars/rosa-rosachallenge2-298bfad5.png,,1,Rosa|鸣依|鳴依
player:琴音,player,,玩家,,琴音,Lyra,assets/npc/player-front/lyra-hgss-lyra-fe4906cc.png,,assets/npc/player-back/lyra-hgss-kotone-back-d2d0db32.png,assets/npc/avatars/lyra-lyrachallenge-6086e13b.png,,1,Lyra|Kotone|琴音
player:响,player,,玩家,,响,Ethan,assets/npc/player-front/ethan-hgss-ethan-6eefaecf.png,,assets/npc/player-back/ethan-hgss-gold-back-46e97197.png,assets/npc/avatars/ethan-ethanchallenge-64d9d6ea.png,,1,Ethan|Gold|Hibiki|响|響
player:小光,player,,玩家,,小光,Dawn,assets/npc/player-front/dawn-dp-dawn-a35e5a63.png,,assets/npc/player-back/dawn-dp-dawn-back-65c7fd06.png,assets/npc/avatars/dawn-dawnchallenge-9bb8943e.png,,1,Dawn|小光
gym:关都地区:小刚:1,gym,关都地区,馆主,tier1,小刚,Brock,assets/npc/boss/brock-brockhgss-c30d5c14.gif,assets/npc/boss/brock-gif-brockhgss-c30d5c14.gif,,,gym:tier1:小刚,1,关都地区|馆主|Brock|小刚|小剛
gym:关都地区:小霞:2,gym,关都地区,馆主,tier1,小霞,Misty,assets/npc/boss/misty-mistyhgss-1441db58.gif,assets/npc/boss/misty-gif-mistyhgss-1441db58.gif,,assets/npc/avatars/misty-vsmisty-ebb97d1b.png,gym:tier1:小霞,1,关都地区|馆主|Misty|小霞
gym:关都地区:马志士:3,gym,关都地区,馆主,tier1,马志士,Lt Surge,assets/npc/boss/lt-surge-ltsurgehgss-3ab06851.gif,assets/npc/boss/lt-surge-gif-ltsurgehgss-3ab06851.gif,,,gym:tier1:马志士,1,关都地区|馆主|Lt Surge|LtSurge|Lt_Surge|马志士|馬志士
gym:关都地区:莉佳:4,gym,关都地区,馆主,tier1,莉佳,Erika,assets/npc/boss/erika-erikahgss-43e0ac33.gif,assets/npc/boss/erika-gif-erikahgss-43e0ac33.gif,,,gym:tier1:莉佳,1,关都地区|馆主|Erika|莉佳
gym:关都地区:阿桔:5,gym,关都地区,馆主,tier2,阿桔,Koga,assets/npc/boss/koga-kogahgss-b48e52bb.gif,assets/npc/boss/koga-gif-kogahgss-b48e52bb.gif,,assets/npc/avatars/koga-vskoga-523872dc.png,gym:tier2:阿桔,1,关都地区|馆主|Koga|阿桔
gym:关都地区:阿杏:6,gym,关都地区,馆主,tier2,阿杏,Janine,assets/npc/boss/janine-janinehgss-151efb13.gif,assets/npc/boss/janine-gif-janinehgss-151efb13.gif,,assets/npc/avatars/janine-vsjanine-270b3408.png,gym:tier2:阿杏,1,关都地区|馆主|Janine|阿杏
gym:关都地区:娜姿:7,gym,关都地区,馆主,tier2,娜姿,Sabrina,assets/npc/boss/sabrina-sabrinahgss-b34f5bda.gif,assets/npc/boss/sabrina-gif-sabrinahgss-b34f5bda.gif,,assets/npc/avatars/sabrina-vssabrina-a2d56acc.png,gym:tier2:娜姿,1,关都地区|馆主|Sabrina|娜姿
gym:关都地区:夏伯:8,gym,关都地区,馆主,tier3,夏伯,Blaine,assets/npc/boss/blaine-blainehgss-fbba3796.gif,assets/npc/boss/blaine-gif-blainehgss-fbba3796.gif,,,gym:tier3:夏伯,1,关都地区|馆主|Blaine|夏伯
gym:关都地区:坂木:9,gym,关都地区,馆主,tier3,坂木,Giovanni,assets/npc/boss/giovanni-giovannihgss-e63c106b.gif,assets/npc/boss/giovanni-gif-giovannihgss-e63c106b.gif,,assets/npc/avatars/giovanni-vsgiovanni-2173e9b0.png,gym:tier3:坂木,1,关都地区|馆主|Giovanni|坂木
gym:关都地区:青绿:10,gym,关都地区,馆主,tier3,青绿,Blue,assets/npc/boss/blue-bluehgss-43e96b09.gif,assets/npc/boss/blue-gif-bluehgss-43e96b09.gif,,assets/npc/avatars/blue-asset-8ef926da.webp,gym:tier3:青绿,1,关都地区|馆主|Blue|Green|青绿|青綠
elite4:关都地区:科拿:1,elite4,关都地区,四天王,elite4,科拿,,assets/npc/boss/npc-asset-f41a0f24.webp,,,,elite4:elite4:科拿,1,关都地区|四天王|科拿
elite4:关都地区:希巴:2,elite4,关都地区,四天王,elite4,希巴,Bruno,assets/npc/boss/bruno-brunohgss-028dc600.gif,assets/npc/boss/bruno-gif-brunohgss-028dc600.gif,,assets/npc/avatars/bruno-vsbruno-c8206ce8.png,elite4:elite4:希巴,1,关都地区|四天王|Bruno|希巴
elite4:关都地区:菊子:3,elite4,关都地区,四天王,elite4,菊子,,assets/npc/boss/npc-asset-8e197077.webp,,,,elite4:elite4:菊子,1,关都地区|四天王|菊子
elite4:关都地区:阿渡:4,elite4,关都地区,四天王,elite4,阿渡,Lance,assets/npc/boss/lance-lancehgss-9b33137f.gif,assets/npc/boss/lance-gif-lancehgss-9b33137f.gif,,assets/npc/avatars/lance-vslance-336ee63b.png,elite4:elite4:阿渡,1,关都地区|四天王|Lance|阿渡
champion:关都地区:小茂-青绿:1,champion,关都地区,冠军,champion,小茂 / 青绿,Blue,assets/npc/boss/blue-bluehgss-43e96b09.gif,assets/npc/boss/blue-gif-bluehgss-43e96b09.gif,,assets/npc/avatars/blue-asset-8ef926da.webp,champion:champion:小茂-青绿,1,关都地区|冠军|Blue|Green|青绿|青綠
champion:关都地区:赤红:2,champion,关都地区,冠军,champion,赤红,Red,assets/npc/boss/red-red-c813612f.gif,assets/npc/boss/red-gif-red-c813612f.gif,,assets/npc/avatars/red-asset-a73f3e71.webp,champion:champion:赤红,1,关都地区|冠军|Red|赤红|赤紅
gym:城都地区:阿速:1,gym,城都地区,馆主,tier1,阿速,Falkner,assets/npc/boss/falkner-falknerhgss-781ab8e1.gif,assets/npc/boss/falkner-gif-falknerhgss-781ab8e1.gif,,assets/npc/avatars/falkner-vsfalkner-265b8347.png,gym:tier1:阿速,1,城都地区|馆主|Falkner|阿速
gym:城都地区:阿笔:2,gym,城都地区,馆主,tier1,阿笔,Bugsy,assets/npc/boss/bugsy-bugsyhgss-9e2af540.gif,assets/npc/boss/bugsy-gif-bugsyhgss-9e2af540.gif,,assets/npc/avatars/bugsy-vsbugsy-8af9b63c.png,gym:tier1:阿笔,1,城都地区|馆主|Bugsy|阿笔|阿筆
gym:城都地区:小茜:3,gym,城都地区,馆主,tier1,小茜,Whitney,assets/npc/boss/whitney-whitneyhgss-fe0484d1.gif,assets/npc/boss/whitney-gif-whitneyhgss-fe0484d1.gif,,assets/npc/avatars/whitney-vswhitney-4989dddf.png,gym:tier1:小茜,1,城都地区|馆主|Whitney|小茜
gym:城都地区:松叶:4,gym,城都地区,馆主,tier2,松叶,Morty,assets/npc/boss/morty-mortyhgss-a2c84661.gif,assets/npc/boss/morty-gif-mortyhgss-a2c84661.gif,,assets/npc/avatars/morty-vsmorty-2cdaf554.png,gym:tier2:松叶,1,城都地区|馆主|Morty|松叶|松葉
gym:城都地区:阿四:5,gym,城都地区,馆主,tier2,阿四,Chuck,assets/npc/boss/chuck-chuckhgss-fe1da896.gif,assets/npc/boss/chuck-gif-chuckhgss-fe1da896.gif,,,gym:tier2:阿四,1,城都地区|馆主|Chuck|阿四
gym:城都地区:阿蜜:6,gym,城都地区,馆主,tier2,阿蜜,Jasmine,assets/npc/boss/jasmine-jasminehgss-a3d2b5ea.gif,assets/npc/boss/jasmine-gif-jasminehgss-a3d2b5ea.gif,,assets/npc/avatars/jasmine-vsjasmine-b8173b6d.png,gym:tier2:阿蜜,1,城都地区|馆主|Jasmine|阿蜜
gym:城都地区:柳伯:7,gym,城都地区,馆主,tier3,柳伯,Pryce,assets/npc/boss/pryce-prycehgss-f3e0cc33.gif,assets/npc/boss/pryce-gif-prycehgss-f3e0cc33.gif,,assets/npc/avatars/pryce-vspryce-a4f26d3f.png,gym:tier3:柳伯,1,城都地区|馆主|Pryce|柳伯
gym:城都地区:小椿:8,gym,城都地区,馆主,tier3,小椿,Clair,assets/npc/boss/clair-clairhgss-44e84f6d.gif,assets/npc/boss/clair-gif-clairhgss-44e84f6d.gif,,assets/npc/avatars/clair-vsclair-83179369.png,gym:tier3:小椿,1,城都地区|馆主|Clair|小椿
elite4:城都地区:一树:1,elite4,城都地区,四天王,elite4,一树,Will,assets/npc/boss/will-willhgss-7f43efc9.gif,assets/npc/boss/will-gif-willhgss-7f43efc9.gif,,assets/npc/avatars/will-vswill-3d050324.png,elite4:elite4:一树,1,城都地区|四天王|Will|一树|一樹
elite4:城都地区:阿桔:2,elite4,城都地区,四天王,elite4,阿桔,Koga,assets/npc/boss/koga-kogahgss-b48e52bb.gif,assets/npc/boss/koga-gif-kogahgss-b48e52bb.gif,,assets/npc/avatars/koga-vskoga-523872dc.png,elite4:elite4:阿桔,1,城都地区|四天王|Koga|阿桔
elite4:城都地区:希巴:3,elite4,城都地区,四天王,elite4,希巴,Bruno,assets/npc/boss/bruno-brunohgss-028dc600.gif,assets/npc/boss/bruno-gif-brunohgss-028dc600.gif,,assets/npc/avatars/bruno-vsbruno-c8206ce8.png,elite4:elite4:希巴,1,城都地区|四天王|Bruno|希巴
elite4:城都地区:梨花:4,elite4,城都地区,四天王,elite4,梨花,Karen,assets/npc/boss/karen-karenhgss-073382c7.gif,assets/npc/boss/karen-gif-karenhgss-073382c7.gif,,assets/npc/avatars/karen-vskaren-2fd4b902.png,elite4:elite4:梨花,1,城都地区|四天王|Karen|梨花
champion:城都地区:阿渡:1,champion,城都地区,冠军,champion,阿渡,Lance,assets/npc/boss/lance-lancehgss-9b33137f.gif,assets/npc/boss/lance-gif-lancehgss-9b33137f.gif,,assets/npc/avatars/lance-vslance-336ee63b.png,champion:champion:阿渡,1,城都地区|冠军|Lance|阿渡
gym:丰缘地区:杜娟:1,gym,丰缘地区,馆主,tier1,杜娟,Roxanne,assets/npc/boss/roxanne-spr-b2w2-roxanne-2bdd4581.png,,,,gym:tier1:杜娟,1,丰缘地区|馆主|Roxanne|杜娟
gym:丰缘地区:藤树:2,gym,丰缘地区,馆主,tier1,藤树,Brawly,assets/npc/boss/brawly-spr-b2w2-brawly-83c22a6e.png,,,,gym:tier1:藤树,1,丰缘地区|馆主|Brawly|藤树|藤樹
gym:丰缘地区:铁旋:3,gym,丰缘地区,馆主,tier1,铁旋,Wattson,assets/npc/boss/wattson-spr-b2w2-wattson-36ac119d.png,,,,gym:tier1:铁旋,1,丰缘地区|馆主|Wattson|铁旋|鐵旋
gym:丰缘地区:亚莎:4,gym,丰缘地区,馆主,tier2,亚莎,Flannery,assets/npc/boss/flannery-spr-b2w2-flannery-596fb535.png,,,,gym:tier2:亚莎,1,丰缘地区|馆主|Flannery|亚莎|亞莎
gym:丰缘地区:千里:5,gym,丰缘地区,馆主,tier2,千里,Norman,assets/npc/boss/norman-spr-b2w2-norman-2979466d.png,,,,gym:tier2:千里,1,丰缘地区|馆主|Norman|千里
gym:丰缘地区:娜琪:6,gym,丰缘地区,馆主,tier2,娜琪,Winona,assets/npc/boss/winona-spr-b2w2-winona-b95a7cc1.png,,,,gym:tier2:娜琪,1,丰缘地区|馆主|Winona|娜琪
gym:丰缘地区:小枫与小南:7,gym,丰缘地区,馆主,tier3,小枫与小南,Tate,assets/npc/boss/tate-spr-b2w2-liza-09104ed0.png,,,,gym:tier3:小枫与小南,1,丰缘地区|馆主|Tate|Liza|小枫与小南|小楓與小南
gym:丰缘地区:米可利:8,gym,丰缘地区,馆主,tier3,米可利,Wallace,assets/npc/boss/wallace-spr-b2w2-wallace-3e68ca91.png,,,assets/npc/avatars/wallace-asset-342dcb08.webp,gym:tier3:米可利,1,丰缘地区|馆主|Wallace|米可利
gym:丰缘地区:亚当:9,gym,丰缘地区,馆主,tier3,亚当,Juan,assets/npc/boss/juan-spr-b2w2-juan-b6ffc1a8.png,,,,gym:tier3:亚当,1,丰缘地区|馆主|Juan|亚当|亞當
elite4:丰缘地区:花月:1,elite4,丰缘地区,四天王,elite4,花月,Sidney,assets/npc/boss/sidney-asset-c1d914f2.webp,,,,elite4:elite4:花月,1,丰缘地区|四天王|Sidney|花月
elite4:丰缘地区:芙蓉:2,elite4,丰缘地区,四天王,elite4,芙蓉,Phoebe,assets/npc/boss/phoebe-asset-171841bb.webp,,,,elite4:elite4:芙蓉,1,丰缘地区|四天王|Phoebe|芙蓉
elite4:丰缘地区:波妮:3,elite4,丰缘地区,四天王,elite4,波妮,Glacia,assets/npc/boss/glacia-asset-0bd877cb.webp,,,,elite4:elite4:波妮,1,丰缘地区|四天王|Glacia|波妮
elite4:丰缘地区:源治:4,elite4,丰缘地区,四天王,elite4,源治,Drake,assets/npc/boss/drake-asset-031e237d.webp,,,,elite4:elite4:源治,1,丰缘地区|四天王|Drake|源治
champion:丰缘地区:大吾:1,champion,丰缘地区,冠军,champion,大吾,Steven,assets/npc/boss/steven-spr-b2w2-steven-51e4c05c.png,,,assets/npc/avatars/steven-asset-fa48929b.webp,champion:champion:大吾,1,丰缘地区|冠军|Steven|大吾
champion:丰缘地区:米可利:2,champion,丰缘地区,冠军,champion,米可利,Wallace,assets/npc/boss/wallace-spr-b2w2-wallace-3e68ca91.png,,,assets/npc/avatars/wallace-asset-342dcb08.webp,champion:champion:米可利,1,丰缘地区|冠军|Wallace|米可利
gym:神奥地区:瓢太:1,gym,神奥地区,馆主,tier1,瓢太,Roark,assets/npc/boss/roark-roarkplatinum-d35c3fe5.gif,assets/npc/boss/roark-gif-roarkplatinum-d35c3fe5.gif,,assets/npc/avatars/roark-vsroark-2c2f3cc0.png,gym:tier1:瓢太,1,神奥地区|馆主|Roark|Hyouta|瓢太
gym:神奥地区:菜种:2,gym,神奥地区,馆主,tier1,菜种,Gardenia,assets/npc/boss/gardenia-gardeniaplatinum-b42a9956.gif,assets/npc/boss/gardenia-gif-gardeniaplatinum-b42a9956.gif,,assets/npc/avatars/gardenia-vsgardenia-b87feac7.png,gym:tier1:菜种,1,神奥地区|馆主|Gardenia|Natane|菜种|菜種
gym:神奥地区:阿李:3,gym,神奥地区,馆主,tier1,阿李,Maylene,assets/npc/boss/maylene-mayleneplatinum-2f19a448.gif,assets/npc/boss/maylene-gif-mayleneplatinum-2f19a448.gif,,assets/npc/avatars/maylene-vsmaylene-075e5b75.png,gym:tier1:阿李,1,神奥地区|馆主|Maylene|Sumomo|阿李
gym:神奥地区:吉宪:4,gym,神奥地区,馆主,tier2,吉宪,Crasher Wake,assets/npc/boss/crasher-wake-crasherwakeplatinum-6c054657.gif,assets/npc/boss/crasher-wake-gif-crasherwakeplatinum-6c054657.gif,,assets/npc/avatars/crasher-wake-vscrasher-wake-5e7edff0.png,gym:tier2:吉宪,1,神奥地区|馆主|Crasher Wake|CrasherWake|Makishi|吉宪|吉憲
gym:神奥地区:梅丽莎:5,gym,神奥地区,馆主,tier2,梅丽莎,Fantina,assets/npc/boss/fantina-fantinaplatinum-4bf0331b.gif,assets/npc/boss/fantina-gif-fantinaplatinum-4bf0331b.gif,,assets/npc/avatars/fantina-vsfantina-c8cc6ab3.png,gym:tier2:梅丽莎,1,神奥地区|馆主|Fantina|Merissa|梅丽莎|梅麗莎
gym:神奥地区:东瓜:6,gym,神奥地区,馆主,tier2,东瓜,Byron,assets/npc/boss/byron-byronplatinum-6bab453c.gif,assets/npc/boss/byron-gif-byronplatinum-6bab453c.gif,,assets/npc/avatars/byron-vsbyron-74279448.png,gym:tier2:东瓜,1,神奥地区|馆主|Byron|Tougan|东瓜|東瓜
gym:神奥地区:小菘:7,gym,神奥地区,馆主,tier3,小菘,Candice,assets/npc/boss/candice-candiceplatinum-e55f8384.gif,assets/npc/boss/candice-gif-candiceplatinum-e55f8384.gif,,assets/npc/avatars/candice-vscandice-d0bc31dc.png,gym:tier3:小菘,1,神奥地区|馆主|Candice|Suzuna|小菘
gym:神奥地区:电次:8,gym,神奥地区,馆主,tier3,电次,Volkner,assets/npc/boss/volkner-volknerplatinum-3f0015c0.gif,assets/npc/boss/volkner-gif-volknerplatinum-3f0015c0.gif,,assets/npc/avatars/volkner-vsvolkner-5e24608b.png,gym:tier3:电次,1,神奥地区|馆主|Volkner|Denji|电次|電次
elite4:神奥地区:阿柳:1,elite4,神奥地区,四天王,elite4,阿柳,Aaron,assets/npc/boss/aaron-aaronplatinum-99e1e21c.gif,assets/npc/boss/aaron-gif-aaronplatinum-99e1e21c.gif,,assets/npc/avatars/aaron-vsaaron-d3cb8564.png,elite4:elite4:阿柳,1,神奥地区|四天王|Aaron|阿柳
elite4:神奥地区:菊野:2,elite4,神奥地区,四天王,elite4,菊野,Bertha,assets/npc/boss/bertha-berthaplatinum-1a268d43.gif,assets/npc/boss/bertha-gif-berthaplatinum-1a268d43.gif,,assets/npc/avatars/bertha-vsbertha-eca6ff98.png,elite4:elite4:菊野,1,神奥地区|四天王|Bertha|菊野
elite4:神奥地区:大叶:3,elite4,神奥地区,四天王,elite4,大叶,Flint,assets/npc/boss/flint-flintplatinum-67eae34c.gif,assets/npc/boss/flint-gif-flintplatinum-67eae34c.gif,,assets/npc/avatars/flint-vsflint-bff2e0a9.png,elite4:elite4:大叶,1,神奥地区|四天王|Flint|大叶|大葉
elite4:神奥地区:悟松:4,elite4,神奥地区,四天王,elite4,悟松,Lucian,assets/npc/boss/lucian-lucianplatinum-816311fd.gif,assets/npc/boss/lucian-gif-lucianplatinum-816311fd.gif,,assets/npc/avatars/lucian-vslucian-cc406eba.png,elite4:elite4:悟松,1,神奥地区|四天王|Lucian|Goyou|悟松
champion:神奥地区:竹兰:1,champion,神奥地区,冠军,champion,竹兰,Cynthia,assets/npc/boss/cynthia-cynthiaplatinum-9c6c1d75.gif,assets/npc/boss/cynthia-gif-cynthiaplatinum-9c6c1d75.gif,,assets/npc/avatars/cynthia-vscynthia-7b500adf.png,champion:champion:竹兰,1,神奥地区|冠军|Cynthia|Shirona|竹兰|竹蘭
gym:合众地区:天桐:1,gym,合众地区,馆主,tier1,天桐,Cilan,assets/npc/boss/cilan-asset-e5ff3e27.webp,,,,gym:tier1:天桐,1,合众地区|馆主|Cilan|Dent|天桐
gym:合众地区:伯特:2,gym,合众地区,馆主,tier1,伯特,Chili,assets/npc/boss/chili-spr-bw-chili-d8dc0fd7.png,,,assets/npc/avatars/chili-vschili-efe1db2b.png,gym:tier1:伯特,1,合众地区|馆主|Chili|Pod|伯特
gym:合众地区:寇恩:3,gym,合众地区,馆主,tier1,寇恩,Cress,assets/npc/boss/cress-asset-00d4f259.webp,,,assets/npc/avatars/cress-vscress-b597a3e9.png,gym:tier1:寇恩,1,合众地区|馆主|Cress|Corn|寇恩
gym:合众地区:芦荟:4,gym,合众地区,馆主,tier1,芦荟,Lenora,assets/npc/boss/lenora-spr-bw-aloe-e6ec6299.png,,,assets/npc/avatars/lenora-vsaloe-a589bc2d.png,gym:tier1:芦荟,1,合众地区|馆主|Lenora|Aloe|芦荟|蘆薈
gym:合众地区:黑连:5,gym,合众地区,馆主,tier1,黑连,Cheren,assets/npc/boss/cheren-spr-b2w2-cheren-6d04c2d9.png,,,assets/npc/avatars/cheren-vscheren-ac23c002.png,gym:tier1:黑连,1,合众地区|馆主|Cheren|黑连|黑連
gym:合众地区:霍米加:6,gym,合众地区,馆主,tier2,霍米加,Roxie,assets/npc/boss/roxie-spr-b2w2-roxie-95e44549.png,,,assets/npc/avatars/roxie-vsroxie-4c71ac93.png,gym:tier2:霍米加,1,合众地区|馆主|Roxie|霍米加
gym:合众地区:亚堤:7,gym,合众地区,馆主,tier2,亚堤,Burgh,assets/npc/boss/burgh-spr-bw-arti-20fd8c58.png,,,assets/npc/avatars/burgh-vsarti-e464418d.png,gym:tier2:亚堤,1,合众地区|馆主|Burgh|Arti|亚堤|亞堤
gym:合众地区:小菊儿:8,gym,合众地区,馆主,tier2,小菊儿,Elesa,assets/npc/boss/elesa-spr-b2w2-elesa-e134a0a5.png,,,assets/npc/avatars/elesa-vselesa-2-23e66762.png,gym:tier2:小菊儿,1,合众地区|馆主|Elesa|Kamitsure|小菊儿|小菊兒
gym:合众地区:菊老大:9,gym,合众地区,馆主,tier2,菊老大,Clay,assets/npc/boss/clay-spr-bw-yacon-4848b567.png,,,assets/npc/avatars/clay-vsyacon-8b4029f1.png,gym:tier2:菊老大,1,合众地区|馆主|Clay|Yacon|菊老大
gym:合众地区:风露:10,gym,合众地区,馆主,tier2,风露,Skyla,assets/npc/boss/skyla-spr-bw-fuuro-87234dab.png,,,,gym:tier2:风露,1,合众地区|馆主|Skyla|Fuuro|风露|風露
gym:合众地区:哈奇库:11,gym,合众地区,馆主,tier3,哈奇库,Brycen,assets/npc/boss/brycen-spr-bw-hachiku-628e2413.png,,,assets/npc/avatars/brycen-vshachiku-1d7cbdf0.png,gym:tier3:哈奇库,1,合众地区|馆主|Brycen|Hachiku|哈奇库|哈奇庫
gym:合众地区:夏卡:12,gym,合众地区,馆主,tier3,夏卡,Drayden,assets/npc/boss/drayden-spr-bw-shaga-22b67b24.png,,,assets/npc/avatars/drayden-vsshaga-c85ee88d.png,gym:tier3:夏卡,1,合众地区|馆主|Drayden|Shaga|夏卡
gym:合众地区:艾莉丝:13,gym,合众地区,馆主,tier3,艾莉丝,Iris,assets/npc/boss/iris-spr-b2w2-iris-64effc23.png,,,assets/npc/avatars/iris-vsiris-bacf51a1.png,gym:tier3:艾莉丝,1,合众地区|馆主|Iris|艾莉丝|艾莉絲
gym:合众地区:西子伊:14,gym,合众地区,馆主,tier3,西子伊,Marlon,assets/npc/boss/marlon-spr-b2w2-marlon-5e45dd8b.png,,,assets/npc/avatars/marlon-vsmarlon-88ace384.png,gym:tier3:西子伊,1,合众地区|馆主|Marlon|西子伊
elite4:合众地区:越橘:1,elite4,合众地区,四天王,elite4,越橘,Grimsley,assets/npc/boss/grimsley-spr-bw-giima-c366ab57.png,,,assets/npc/avatars/grimsley-vsgiima-c7b79beb.png,elite4:elite4:越橘,1,合众地区|四天王|Grimsley|Giima|越橘
elite4:合众地区:连武:2,elite4,合众地区,四天王,elite4,连武,Marshal,assets/npc/boss/marshal-spr-bw-renbu-42a72c24.png,,,assets/npc/avatars/marshal-vsrenbu-f61877a7.png,elite4:elite4:连武,1,合众地区|四天王|Marshal|Renbu|连武|連武
elite4:合众地区:婉龙:3,elite4,合众地区,四天王,elite4,婉龙,Shauntal,assets/npc/boss/shauntal-spr-bw-shikimi-9ad475a2.png,,,assets/npc/avatars/shauntal-vsshikimi-32dac56a.png,elite4:elite4:婉龙,1,合众地区|四天王|Shauntal|Shikimi|婉龙|婉龍
elite4:合众地区:嘉德丽雅:4,elite4,合众地区,四天王,elite4,嘉德丽雅,Caitlin,assets/npc/boss/caitlin-spr-bw-caitlin-2c43c9f9.png,,,assets/npc/avatars/caitlin-vscaitlin-1e1855a0.png,elite4:elite4:嘉德丽雅,1,合众地区|四天王|Caitlin|Cattleya|嘉德丽雅|嘉德麗雅
champion:合众地区:阿戴克:1,champion,合众地区,冠军,champion,阿戴克,Alder,assets/npc/boss/alder-spr-bw-adeku-cfb9fa26.png,,,assets/npc/avatars/alder-vsadeku-c7421c2b.png,champion:champion:阿戴克,1,合众地区|冠军|Alder|Adeku|阿戴克
champion:合众地区:艾莉丝:2,champion,合众地区,冠军,champion,艾莉丝,Iris,assets/npc/boss/iris-spr-b2w2-iris-64effc23.png,,,assets/npc/avatars/iris-vsiris-bacf51a1.png,champion:champion:艾莉丝,1,合众地区|冠军|Iris|艾莉丝|艾莉絲
gym:卡洛斯地区:紫罗兰:1,gym,卡洛斯地区,馆主,tier1,紫罗兰,,assets/npc/boss/npc-asset-42586e92.webp,,,,gym:tier1:紫罗兰,1,卡洛斯地区|馆主|紫罗兰
gym:卡洛斯地区:查克洛:2,gym,卡洛斯地区,馆主,tier1,查克洛,,assets/npc/boss/npc-asset-3710146d.webp,,,,gym:tier1:查克洛,1,卡洛斯地区|馆主|查克洛
gym:卡洛斯地区:可尔妮:3,gym,卡洛斯地区,馆主,tier1,可尔妮,,assets/npc/boss/npc-asset-850a929c.webp,,,,gym:tier1:可尔妮,1,卡洛斯地区|馆主|可尔妮
gym:卡洛斯地区:福爷:4,gym,卡洛斯地区,馆主,tier2,福爷,,assets/npc/boss/npc-asset-033c1893.webp,,,,gym:tier2:福爷,1,卡洛斯地区|馆主|福爷
gym:卡洛斯地区:希特隆:5,gym,卡洛斯地区,馆主,tier2,希特隆,,assets/npc/boss/npc-asset-0f878822.webp,,,,gym:tier2:希特隆,1,卡洛斯地区|馆主|希特隆
gym:卡洛斯地区:玛绣:6,gym,卡洛斯地区,馆主,tier2,玛绣,,assets/npc/boss/npc-asset-e85639fa.webp,,,,gym:tier2:玛绣,1,卡洛斯地区|馆主|玛绣
gym:卡洛斯地区:葛吉花:7,gym,卡洛斯地区,馆主,tier3,葛吉花,,assets/npc/boss/npc-asset-9c51a2f9.webp,,,,gym:tier3:葛吉花,1,卡洛斯地区|馆主|葛吉花
gym:卡洛斯地区:得抚:8,gym,卡洛斯地区,馆主,tier3,得抚,,assets/npc/boss/npc-asset-5189a684.webp,,,,gym:tier3:得抚,1,卡洛斯地区|馆主|得抚
elite4:卡洛斯地区:帕琦拉:1,elite4,卡洛斯地区,四天王,elite4,帕琦拉,,assets/npc/boss/npc-asset-e3796216.webp,,,,elite4:elite4:帕琦拉,1,卡洛斯地区|四天王|帕琦拉
elite4:卡洛斯地区:志米:2,elite4,卡洛斯地区,四天王,elite4,志米,,assets/npc/boss/npc-asset-709f72d7.webp,,,,elite4:elite4:志米,1,卡洛斯地区|四天王|志米
elite4:卡洛斯地区:雁铠:3,elite4,卡洛斯地区,四天王,elite4,雁铠,,assets/npc/boss/npc-asset-f804e8a4.webp,,,,elite4:elite4:雁铠,1,卡洛斯地区|四天王|雁铠
elite4:卡洛斯地区:朵拉塞娜:4,elite4,卡洛斯地区,四天王,elite4,朵拉塞娜,,assets/npc/boss/npc-asset-35e94ea2.webp,,,,elite4:elite4:朵拉塞娜,1,卡洛斯地区|四天王|朵拉塞娜
champion:卡洛斯地区:卡露妮:1,champion,卡洛斯地区,冠军,champion,卡露妮,Diantha,assets/npc/boss/diantha-asset-bfa058a2.webp,,,assets/npc/avatars/diantha-asset-c38c801f.webp,champion:champion:卡露妮,1,卡洛斯地区|冠军|Diantha|Karune|卡露妮|卡魯妮
elite4:阿罗拉地区:哈拉:1,elite4,阿罗拉地区,四天王,elite4,哈拉,,assets/npc/boss/npc-asset-b7a4ddd5.webp,,,,elite4:elite4:哈拉,1,阿罗拉地区|四天王|哈拉
elite4:阿罗拉地区:丽姿:2,elite4,阿罗拉地区,四天王,elite4,丽姿,,assets/npc/boss/npc-asset-da5bebac.webp,,,,elite4:elite4:丽姿,1,阿罗拉地区|四天王|丽姿
elite4:阿罗拉地区:阿塞萝拉:3,elite4,阿罗拉地区,四天王,elite4,阿塞萝拉,,assets/npc/boss/npc-asset-093cdc94.webp,,,,elite4:elite4:阿塞萝拉,1,阿罗拉地区|四天王|阿塞萝拉
elite4:阿罗拉地区:卡希丽:4,elite4,阿罗拉地区,四天王,elite4,卡希丽,,assets/npc/boss/npc-asset-eb9ebdcc.webp,,,,elite4:elite4:卡希丽,1,阿罗拉地区|四天王|卡希丽
elite4:阿罗拉地区:马睿因:5,elite4,阿罗拉地区,四天王,elite4,马睿因,,assets/npc/boss/npc-asset-17a32468.webp,,,,elite4:elite4:马睿因,1,阿罗拉地区|四天王|马睿因
champion:阿罗拉地区:库库伊:1,champion,阿罗拉地区,冠军,champion,库库伊,Kukui,,,,assets/npc/avatars/kukui-asset-b2c4182b.webp,champion:champion:库库伊,1,阿罗拉地区|冠军|Kukui|库库伊|庫庫伊
gym:伽勒尔地区:亚洛:1,gym,伽勒尔地区,馆主,tier1,亚洛,,assets/npc/boss/npc-asset-be194459.webp,,,,gym:tier1:亚洛,1,伽勒尔地区|馆主|亚洛
gym:伽勒尔地区:露璃娜:2,gym,伽勒尔地区,馆主,tier1,露璃娜,,assets/npc/boss/npc-asset-31dc5790.webp,,,,gym:tier1:露璃娜,1,伽勒尔地区|馆主|露璃娜
gym:伽勒尔地区:卡芜:3,gym,伽勒尔地区,馆主,tier1,卡芜,,assets/npc/boss/npc-asset-5583a2df.webp,,,,gym:tier1:卡芜,1,伽勒尔地区|馆主|卡芜
gym:伽勒尔地区:彩豆:4,gym,伽勒尔地区,馆主,tier1,彩豆,,assets/npc/boss/npc-asset-aac8c9d4.webp,,,,gym:tier1:彩豆,1,伽勒尔地区|馆主|彩豆
gym:伽勒尔地区:欧尼奥:5,gym,伽勒尔地区,馆主,tier2,欧尼奥,,assets/npc/boss/npc-asset-aeda3f99.webp,,,,gym:tier2:欧尼奥,1,伽勒尔地区|馆主|欧尼奥
gym:伽勒尔地区:波普菈:6,gym,伽勒尔地区,馆主,tier2,波普菈,,assets/npc/boss/npc-asset-92256ab1.webp,,,,gym:tier2:波普菈,1,伽勒尔地区|馆主|波普菈
gym:伽勒尔地区:玛瓜:7,gym,伽勒尔地区,馆主,tier2,玛瓜,,assets/npc/boss/npc-asset-02067830.webp,,,,gym:tier2:玛瓜,1,伽勒尔地区|馆主|玛瓜
gym:伽勒尔地区:美蓉:8,gym,伽勒尔地区,馆主,tier3,美蓉,,assets/npc/boss/npc-asset-8decca84.webp,,,,gym:tier3:美蓉,1,伽勒尔地区|馆主|美蓉
gym:伽勒尔地区:聂梓:9,gym,伽勒尔地区,馆主,tier3,聂梓,,assets/npc/boss/npc-asset-d0aa322e.webp,,,,gym:tier3:聂梓,1,伽勒尔地区|馆主|聂梓
gym:伽勒尔地区:奇巴纳:10,gym,伽勒尔地区,馆主,tier3,奇巴纳,,assets/npc/boss/npc-asset-57c15775.webp,,,,gym:tier3:奇巴纳,1,伽勒尔地区|馆主|奇巴纳
champion:伽勒尔地区:丹帝:1,champion,伽勒尔地区,冠军,champion,丹帝,,assets/npc/boss/npc-asset-68b9d905.webp,,,,champion:champion:丹帝,1,伽勒尔地区|冠军|丹帝
gym:帕底亚地区:阿枫:1,gym,帕底亚地区,馆主,tier1,阿枫,,assets/npc/boss/npc-asset-de849e83.webp,,,,gym:tier1:阿枫,1,帕底亚地区|馆主|阿枫
gym:帕底亚地区:寇沙:2,gym,帕底亚地区,馆主,tier1,寇沙,,assets/npc/boss/npc-asset-662ae015.webp,,,,gym:tier1:寇沙,1,帕底亚地区|馆主|寇沙
gym:帕底亚地区:奇树:3,gym,帕底亚地区,馆主,tier1,奇树,,assets/npc/boss/npc-asset-72c3423c.webp,,,,gym:tier1:奇树,1,帕底亚地区|馆主|奇树
gym:帕底亚地区:海岱:4,gym,帕底亚地区,馆主,tier2,海岱,,assets/npc/boss/npc-asset-02036850.webp,,,,gym:tier2:海岱,1,帕底亚地区|馆主|海岱
gym:帕底亚地区:青木:5,gym,帕底亚地区,馆主,tier2,青木,Larry,assets/npc/boss/larry-asset-273da872.webp,,,,gym:tier2:青木,1,帕底亚地区|馆主|Larry|青木
gym:帕底亚地区:莱姆:6,gym,帕底亚地区,馆主,tier2,莱姆,,assets/npc/boss/npc-asset-22e403f3.webp,,,,gym:tier2:莱姆,1,帕底亚地区|馆主|莱姆
gym:帕底亚地区:莉普:7,gym,帕底亚地区,馆主,tier3,莉普,,assets/npc/boss/npc-asset-814fbbf7.webp,,,,gym:tier3:莉普,1,帕底亚地区|馆主|莉普
gym:帕底亚地区:古鲁夏:8,gym,帕底亚地区,馆主,tier3,古鲁夏,,assets/npc/boss/npc-asset-7a53f9e2.webp,,,,gym:tier3:古鲁夏,1,帕底亚地区|馆主|古鲁夏
elite4:帕底亚地区:辛俐:1,elite4,帕底亚地区,四天王,elite4,辛俐,Rika,assets/npc/boss/rika-asset-276c1012.webp,,,,elite4:elite4:辛俐,1,帕底亚地区|四天王|Rika|辛俐
elite4:帕底亚地区:波琵:2,elite4,帕底亚地区,四天王,elite4,波琵,Poppy,assets/npc/boss/poppy-asset-00181af4.webp,,,,elite4:elite4:波琵,1,帕底亚地区|四天王|Poppy|波琵
elite4:帕底亚地区:青木:3,elite4,帕底亚地区,四天王,elite4,青木,Larry,assets/npc/boss/larry-asset-273da872.webp,,,,elite4:elite4:青木,1,帕底亚地区|四天王|Larry|青木
elite4:帕底亚地区:八朔:4,elite4,帕底亚地区,四天王,elite4,八朔,Hassel,assets/npc/boss/hassel-asset-2d6461be.webp,,,,elite4:elite4:八朔,1,帕底亚地区|四天王|Hassel|八朔
champion:帕底亚地区:也慈:1,champion,帕底亚地区,冠军,champion,也慈,Geeta,assets/npc/boss/geeta-asset-9e0a547b.webp,,,,champion:champion:也慈,1,帕底亚地区|冠军|Geeta|也慈
champion:帕底亚地区:妮莫:2,champion,帕底亚地区,冠军,champion,妮莫,Nemona,assets/npc/boss/nemona-asset-87ef38f4.webp,,,,champion:champion:妮莫,1,帕底亚地区|冠军|Nemona|妮莫
elite4:蓝莓学园:赤松:1,elite4,蓝莓学园,四天王,elite4,赤松,Crispin,assets/npc/boss/crispin-asset-c8f6b1f0.webp,,,,elite4:elite4:赤松,1,蓝莓学园|四天王|Crispin|赤松
elite4:蓝莓学园:纳莉:2,elite4,蓝莓学园,四天王,elite4,纳莉,Amarys,assets/npc/boss/amarys-asset-0bcbc7e0.webp,,,,elite4:elite4:纳莉,1,蓝莓学园|四天王|Amarys|纳莉|納莉
elite4:蓝莓学园:紫竽:3,elite4,蓝莓学园,四天王,elite4,紫竽,Lacey,assets/npc/boss/lacey-asset-0b6ff68c.webp,,,,elite4:elite4:紫竽,1,蓝莓学园|四天王|Lacey|紫竽
elite4:蓝莓学园:杜若:4,elite4,蓝莓学园,四天王,elite4,杜若,Drayton,assets/npc/boss/drayton-asset-38af07ab.webp,,,,elite4:elite4:杜若,1,蓝莓学园|四天王|Drayton|杜若
normal:dp_aroma_lady:1,normal,,路人,,DP_Aroma_Lady,DP_Aroma_Lady,assets/npc/normal/dp-aroma-lady-1-dp-aroma-lady-8756fe58.png,,,,,1,正面/小卒/DPT
normal:dp_battle_girl:2,normal,,路人,,DP_Battle_Girl,DP_Battle_Girl,assets/npc/normal/dp-battle-girl-2-dp-battle-girl-4c7f4ba3.png,,,,,1,正面/小卒/DPT
normal:dp_beauty:3,normal,,路人,,DP_Beauty,DP_Beauty,assets/npc/normal/dp-beauty-3-dp-beauty-012ba753.png,,,,,1,正面/小卒/DPT
normal:dp_bird_keeper:4,normal,,路人,,DP_Bird_Keeper,DP_Bird_Keeper,assets/npc/normal/dp-bird-keeper-4-dp-bird-keeper-3e631dac.png,,,,,1,正面/小卒/DPT
normal:dp_black_belt:5,normal,,路人,,DP_Black_Belt,DP_Black_Belt,assets/npc/normal/dp-black-belt-5-dp-black-belt-e27b56bb.png,,,,,1,正面/小卒/DPT
normal:dp_bug_catcher:6,normal,,路人,,DP_Bug_Catcher,DP_Bug_Catcher,assets/npc/normal/dp-bug-catcher-6-dp-bug-catcher-1f3bdad7.png,,,,,1,正面/小卒/DPT
normal:dp_camper:7,normal,,路人,,DP_Camper,DP_Camper,assets/npc/normal/dp-camper-7-dp-camper-9ad9686c.png,,,,,1,正面/小卒/DPT
normal:dp_clown:8,normal,,路人,,DP_Clown,DP_Clown,assets/npc/normal/dp-clown-8-dp-clown-c4f5013f.png,,,,,1,正面/小卒/DPT
normal:dp_collector:9,normal,,路人,,DP_Collector,DP_Collector,assets/npc/normal/dp-collector-9-dp-collector-17694e49.png,,,,,1,正面/小卒/DPT
normal:dp_cool_couple:10,normal,,路人,,DP_Cool_Couple,DP_Cool_Couple,assets/npc/normal/dp-cool-couple-10-dp-cool-couple-8ef36d40.png,,,,,1,正面/小卒/DPT
normal:dp_cool_trainer_f:11,normal,,路人,,DP_Cool_Trainer_F,DP_Cool_Trainer_F,assets/npc/normal/dp-cool-trainer-f-11-dp-cool-trainer-f-29c0c47f.png,,,,,1,正面/小卒/DPT
normal:dp_cool_trainer_m:12,normal,,路人,,DP_Cool_Trainer_M,DP_Cool_Trainer_M,assets/npc/normal/dp-cool-trainer-m-12-dp-cool-trainer-m-36929b8c.png,,,,,1,正面/小卒/DPT
normal:dp_cueball:13,normal,,路人,,DP_Cueball,DP_Cueball,assets/npc/normal/dp-cueball-13-dp-cueball-288c04f2.png,,,,,1,正面/小卒/DPT
normal:dp_engineer:14,normal,,路人,,DP_Engineer,DP_Engineer,assets/npc/normal/dp-engineer-14-dp-engineer-515058fb.png,,,,,1,正面/小卒/DPT
normal:dp_expert:15,normal,,路人,,DP_Expert,DP_Expert,assets/npc/normal/dp-expert-15-dp-expert-55f72008.png,,,,,1,正面/小卒/DPT
normal:dp_fisherman:16,normal,,路人,,DP_Fisherman,DP_Fisherman,assets/npc/normal/dp-fisherman-16-dp-fisherman-f4c51543.png,,,,,1,正面/小卒/DPT
normal:dp_gentleman:17,normal,,路人,,DP_Gentleman,DP_Gentleman,assets/npc/normal/dp-gentleman-17-dp-gentleman-8c18b07d.png,,,,,1,正面/小卒/DPT
normal:dp_guitarist:18,normal,,路人,,DP_Guitarist,DP_Guitarist,assets/npc/normal/dp-guitarist-18-dp-guitarist-7a8bd3a8.png,,,,,1,正面/小卒/DPT
normal:dp_hiker:19,normal,,路人,,DP_Hiker,DP_Hiker,assets/npc/normal/dp-hiker-19-dp-hiker-d6344eec.png,,,,,1,正面/小卒/DPT
normal:dp_lady:20,normal,,路人,,DP_Lady,DP_Lady,assets/npc/normal/dp-lady-20-dp-lady-e5db30ec.png,,,,,1,正面/小卒/DPT
normal:dp_lass:21,normal,,路人,,DP_Lass,DP_Lass,assets/npc/normal/dp-lass-21-dp-lass-d389f132.png,,,,,1,正面/小卒/DPT
normal:dp_ninja_boy:22,normal,,路人,,DP_Ninja_Boy,DP_Ninja_Boy,assets/npc/normal/dp-ninja-boy-22-dp-ninja-boy-b65c5211.png,,,,,1,正面/小卒/DPT
normal:dp_officer:23,normal,,路人,,DP_Officer,DP_Officer,assets/npc/normal/dp-officer-23-dp-officer-278432d1.png,,,,,1,正面/小卒/DPT
normal:dp_painter:24,normal,,路人,,DP_Painter,DP_Painter,assets/npc/normal/dp-painter-24-dp-painter-bc3c8442.png,,,,,1,正面/小卒/DPT
normal:dp_parasol_lady:25,normal,,路人,,DP_Parasol_Lady,DP_Parasol_Lady,assets/npc/normal/dp-parasol-lady-25-dp-parasol-lady-22262dfb.png,,,,,1,正面/小卒/DPT
normal:dp_picnicker:26,normal,,路人,,DP_Picnicker,DP_Picnicker,assets/npc/normal/dp-picnicker-26-dp-picnicker-ce76608b.png,,,,,1,正面/小卒/DPT
normal:dp_poke-fan_f:27,normal,,路人,,DP_PokéFan_F,DP_PokéFan_F,assets/npc/normal/dp-pokefan-f-27-dp-pokefan-f-1adbdaa9.png,,,,,1,正面/小卒/DPT
normal:dp_poke-fan_m:28,normal,,路人,,DP_PokéFan_M,DP_PokéFan_M,assets/npc/normal/dp-pokefan-m-28-dp-pokefan-m-3d391904.png,,,,,1,正面/小卒/DPT
normal:dp_poke-mon_breeder_f:29,normal,,路人,,DP_Pokémon_Breeder_F,DP_Pokémon_Breeder_F,assets/npc/normal/dp-pokemon-breeder-f-29-dp-pokemon-breeder-f-43b337bb.png,,,,,1,正面/小卒/DPT
normal:dp_poke-mon_breeder_m:30,normal,,路人,,DP_Pokémon_Breeder_M,DP_Pokémon_Breeder_M,assets/npc/normal/dp-pokemon-breeder-m-30-dp-pokemon-breeder-m-21fc7ddb.png,,,,,1,正面/小卒/DPT
normal:dp_poke-mon_ranger_f:31,normal,,路人,,DP_Pokémon_Ranger_F,DP_Pokémon_Ranger_F,assets/npc/normal/dp-pokemon-ranger-f-31-dp-pokemon-ranger-f-2faf6320.png,,,,,1,正面/小卒/DPT
normal:dp_poke-mon_ranger_m:32,normal,,路人,,DP_Pokémon_Ranger_M,DP_Pokémon_Ranger_M,assets/npc/normal/dp-pokemon-ranger-m-32-dp-pokemon-ranger-m-38822b1b.png,,,,,1,正面/小卒/DPT
normal:dp_psychic_f:33,normal,,路人,,DP_Psychic_F,DP_Psychic_F,assets/npc/normal/dp-psychic-f-33-dp-psychic-f-b94e5af9.png,,,,,1,正面/小卒/DPT
normal:dp_psychic_m:34,normal,,路人,,DP_Psychic_M,DP_Psychic_M,assets/npc/normal/dp-psychic-m-34-dp-psychic-m-1d45c2e8.png,,,,,1,正面/小卒/DPT
normal:dp_ruin_maniac:35,normal,,路人,,DP_Ruin_Maniac,DP_Ruin_Maniac,assets/npc/normal/dp-ruin-maniac-35-dp-ruin-maniac-0ebeb5c2.png,,,,,1,正面/小卒/DPT
normal:dp_sailor:36,normal,,路人,,DP_Sailor,DP_Sailor,assets/npc/normal/dp-sailor-36-dp-sailor-03e61036.png,,,,,1,正面/小卒/DPT
normal:dp_school_kid_f:37,normal,,路人,,DP_School_Kid_F,DP_School_Kid_F,assets/npc/normal/dp-school-kid-f-37-dp-school-kid-f-a887ee3b.png,,,,,1,正面/小卒/DPT
normal:dp_school_kid_m:38,normal,,路人,,DP_School_Kid_M,DP_School_Kid_M,assets/npc/normal/dp-school-kid-m-38-dp-school-kid-m-1ad563c4.png,,,,,1,正面/小卒/DPT
normal:dp_scientist:39,normal,,路人,,DP_Scientist,DP_Scientist,assets/npc/normal/dp-scientist-39-dp-scientist-894ae730.png,,,,,1,正面/小卒/DPT
normal:dp_skier_f:40,normal,,路人,,DP_Skier_F,DP_Skier_F,assets/npc/normal/dp-skier-f-40-dp-skier-f-a1dc863c.png,,,,,1,正面/小卒/DPT
normal:dp_skier_m:41,normal,,路人,,DP_Skier_M,DP_Skier_M,assets/npc/normal/dp-skier-m-41-dp-skier-m-d947e700.png,,,,,1,正面/小卒/DPT
normal:dp_swimmer_f:42,normal,,路人,,DP_Swimmer_F,DP_Swimmer_F,assets/npc/normal/dp-swimmer-f-42-dp-swimmer-f-653b2cc6.png,,,,,1,正面/小卒/DPT
normal:dp_swimmer_m:43,normal,,路人,,DP_Swimmer_M,DP_Swimmer_M,assets/npc/normal/dp-swimmer-m-43-dp-swimmer-m-4063a270.png,,,,,1,正面/小卒/DPT
normal:dp_tuber_f:44,normal,,路人,,DP_Tuber_F,DP_Tuber_F,assets/npc/normal/dp-tuber-f-44-dp-tuber-f-2b93e77c.png,,,,,1,正面/小卒/DPT
normal:dp_tuber_m:45,normal,,路人,,DP_Tuber_M,DP_Tuber_M,assets/npc/normal/dp-tuber-m-45-dp-tuber-m-88c584b9.png,,,,,1,正面/小卒/DPT
normal:dp_twins:46,normal,,路人,,DP_Twins,DP_Twins,assets/npc/normal/dp-twins-46-dp-twins-10c43274.png,,,,,1,正面/小卒/DPT
normal:dp_young_couple:47,normal,,路人,,DP_Young_Couple,DP_Young_Couple,assets/npc/normal/dp-young-couple-47-dp-young-couple-5939dff0.png,,,,,1,正面/小卒/DPT
normal:dp_youngster:48,normal,,路人,,DP_Youngster,DP_Youngster,assets/npc/normal/dp-youngster-48-dp-youngster-eec71fe5.png,,,,,1,正面/小卒/DPT
normal:dp-dragontamer:49,normal,,路人,,DP-Dragontamer,DP-Dragontamer,assets/npc/normal/dp-dragontamer-49-dp-dragontamer-4c519b5d.png,,,,,1,正面/小卒/DPT
normal:dpbelle_pa:50,normal,,路人,,DPBelle_Pa,DPBelle_Pa,assets/npc/normal/dpbelle-pa-50-dpbelle-pa-79dfc437.png,,,,,1,正面/小卒/DPT
normal:dpcameraman:51,normal,,路人,,DPCameraman,DPCameraman,assets/npc/normal/dpcameraman-51-dpcameraman-1cc355b9.png,,,,,1,正面/小卒/DPT
normal:dpcooltrainerfsnow:52,normal,,路人,,DPCoolTrainerFSnow,DPCoolTrainerFSnow,assets/npc/normal/dpcooltrainerfsnow-52-dpcooltrainerfsnow-c6bab2d8.png,,,,,1,正面/小卒/DPT
normal:dpcooltrainermsnow:53,normal,,路人,,DPCoolTrainerMSnow,DPCoolTrainerMSnow,assets/npc/normal/dpcooltrainermsnow-53-dpcooltrainermsnow-b0fc7995.png,,,,,1,正面/小卒/DPT
normal:dpcowgirl:54,normal,,路人,,DPCowgirl,DPCowgirl,assets/npc/normal/dpcowgirl-54-dpcowgirl-c2a8122a.png,,,,,1,正面/小卒/DPT
normal:dpcyclistf:55,normal,,路人,,DPCyclistF,DPCyclistF,assets/npc/normal/dpcyclistf-55-dpcyclistf-7d53bd8e.png,,,,,1,正面/小卒/DPT
normal:dpcyclistm:56,normal,,路人,,DPCyclistM,DPCyclistM,assets/npc/normal/dpcyclistm-56-dpcyclistm-19a6ddf9.png,,,,,1,正面/小卒/DPT
normal:dpgalacticf:57,normal,,路人,,DPGalacticF,DPGalacticF,assets/npc/normal/dpgalacticf-57-dpgalacticf-b4562614.png,,,,,1,正面/小卒/DPT
normal:dpgalacticm:58,normal,,路人,,DPGalacticM,DPGalacticM,assets/npc/normal/dpgalacticm-58-dpgalacticm-233803ea.png,,,,,1,正面/小卒/DPT
normal:dpgambler:59,normal,,路人,,DPGambler,DPGambler,assets/npc/normal/dpgambler-59-dpgambler-eb9455cc.png,,,,,1,正面/小卒/DPT
normal:dpidol:60,normal,,路人,,DPIdol,DPIdol,assets/npc/normal/dpidol-60-dpidol-e819980c.png,,,,,1,正面/小卒/DPT
normal:dpjogger:61,normal,,路人,,DPjogger,DPjogger,assets/npc/normal/dpjogger-61-dpjogger-5861bd3d.png,,,,,1,正面/小卒/DPT
normal:dppokekid:62,normal,,路人,,DPPokeKid,DPPokeKid,assets/npc/normal/dppokekid-62-dppokekid-5613ca07.png,,,,,1,正面/小卒/DPT
normal:dppswimmermus:63,normal,,路人,,DPPSwimmerMUS,DPPSwimmerMUS,assets/npc/normal/dppswimmermus-63-dppswimmermus-c545d9af.png,,,,,1,正面/小卒/DPT
normal:dprancher:64,normal,,路人,,DPRancher,DPRancher,assets/npc/normal/dprancher-64-dprancher-da7963ba.png,,,,,1,正面/小卒/DPT
normal:dpreporter:65,normal,,路人,,DPReporter,DPReporter,assets/npc/normal/dpreporter-65-dpreporter-202025ea.png,,,,,1,正面/小卒/DPT
normal:dpsocialite:66,normal,,路人,,DPSocialite,DPSocialite,assets/npc/normal/dpsocialite-66-dpsocialite-6614242d.png,,,,,1,正面/小卒/DPT
normal:dpwaitress:67,normal,,路人,,DPWaitress,DPWaitress,assets/npc/normal/dpwaitress-67-dpwaitress-bc106dee.png,,,,,1,正面/小卒/DPT
normal:hgss_beauty:68,normal,,路人,,HGSS_Beauty,HGSS_Beauty,assets/npc/normal/hgss-beauty-68-hgss-beauty-4fcbd7bb.png,,,,,1,正面/小卒/HGSS
normal:hgss_bird_keeper:69,normal,,路人,,HGSS_Bird_Keeper,HGSS_Bird_Keeper,assets/npc/normal/hgss-bird-keeper-69-hgss-bird-keeper-3dd7ccf1.png,,,,,1,正面/小卒/HGSS
normal:hgss_black_belt:70,normal,,路人,,HGSS_Black_Belt,HGSS_Black_Belt,assets/npc/normal/hgss-black-belt-70-hgss-black-belt-2e630501.png,,,,,1,正面/小卒/HGSS
normal:hgss_boarder:71,normal,,路人,,HGSS_Boarder,HGSS_Boarder,assets/npc/normal/hgss-boarder-71-hgss-boarder-db9d2879.png,,,,,1,正面/小卒/HGSS
normal:hgss_bug_catcher:72,normal,,路人,,HGSS_Bug_Catcher,HGSS_Bug_Catcher,assets/npc/normal/hgss-bug-catcher-72-hgss-bug-catcher-4257b985.png,,,,,1,正面/小卒/HGSS
normal:hgss_burglar:73,normal,,路人,,HGSS_Burglar,HGSS_Burglar,assets/npc/normal/hgss-burglar-73-hgss-burglar-eb0ef4d8.png,,,,,1,正面/小卒/HGSS
normal:hgss_cool_trainer_f:74,normal,,路人,,HGSS_Cool_Trainer_F,HGSS_Cool_Trainer_F,assets/npc/normal/hgss-cool-trainer-f-74-hgss-cool-trainer-f-18462f93.png,,,,,1,正面/小卒/HGSS
normal:hgss_cool_trainer_m:75,normal,,路人,,HGSS_Cool_Trainer_M,HGSS_Cool_Trainer_M,assets/npc/normal/hgss-cool-trainer-m-75-hgss-cool-trainer-m-f1f64d99.png,,,,,1,正面/小卒/HGSS
normal:hgss_cue_ball:76,normal,,路人,,HGSS_Cue_Ball,HGSS_Cue_Ball,assets/npc/normal/hgss-cue-ball-76-hgss-cue-ball-75315bd4.png,,,,,1,正面/小卒/HGSS
normal:hgss_double_team:77,normal,,路人,,HGSS_Double_Team,HGSS_Double_Team,assets/npc/normal/hgss-double-team-77-hgss-double-team-a79de45f.png,,,,,1,正面/小卒/HGSS
normal:hgss_firebreather:78,normal,,路人,,HGSS_Firebreather,HGSS_Firebreather,assets/npc/normal/hgss-firebreather-78-hgss-firebreather-0e86d0af.png,,,,,1,正面/小卒/HGSS
normal:hgss_gentleman:79,normal,,路人,,HGSS_Gentleman,HGSS_Gentleman,assets/npc/normal/hgss-gentleman-79-hgss-gentleman-36bad8d0.png,,,,,1,正面/小卒/HGSS
normal:hgss_juggler:80,normal,,路人,,HGSS_Juggler,HGSS_Juggler,assets/npc/normal/hgss-juggler-80-hgss-juggler-d79a0ccd.png,,,,,1,正面/小卒/HGSS
normal:hgss_kimono_girl:81,normal,,路人,,HGSS_Kimono_Girl,HGSS_Kimono_Girl,assets/npc/normal/hgss-kimono-girl-81-hgss-kimono-girl-8d058ca2.png,,,,,1,正面/小卒/HGSS
normal:hgss_lass:82,normal,,路人,,HGSS_Lass,HGSS_Lass,assets/npc/normal/hgss-lass-82-hgss-lass-7bb7c751.png,,,,,1,正面/小卒/HGSS
normal:hgss_medium:83,normal,,路人,,HGSS_Medium,HGSS_Medium,assets/npc/normal/hgss-medium-83-hgss-medium-c99b1dac.png,,,,,1,正面/小卒/HGSS
normal:hgss_pokemaniac:84,normal,,路人,,HGSS_PokeManiac,HGSS_PokeManiac,assets/npc/normal/hgss-pokemaniac-84-hgss-pokemaniac-a86ebbe0.png,,,,,1,正面/小卒/HGSS
normal:hgss_sage:85,normal,,路人,,HGSS_Sage,HGSS_Sage,assets/npc/normal/hgss-sage-85-hgss-sage-1387d6b4.png,,,,,1,正面/小卒/HGSS
normal:hgss_sage_ko:86,normal,,路人,,HGSS_Sage_Ko,HGSS_Sage_Ko,assets/npc/normal/hgss-sage-ko-86-hgss-sage-ko-5acac3e3.png,,,,,1,正面/小卒/HGSS
normal:hgss_schoolboy:87,normal,,路人,,HGSS_Schoolboy,HGSS_Schoolboy,assets/npc/normal/hgss-schoolboy-87-hgss-schoolboy-c398ad47.png,,,,,1,正面/小卒/HGSS
normal:hgss_scientist:88,normal,,路人,,HGSS_Scientist,HGSS_Scientist,assets/npc/normal/hgss-scientist-88-hgss-scientist-b4bcc3d7.png,,,,,1,正面/小卒/HGSS
normal:hgss_skier:89,normal,,路人,,HGSS_Skier,HGSS_Skier,assets/npc/normal/hgss-skier-89-hgss-skier-03c60107.png,,,,,1,正面/小卒/HGSS
normal:hgss_super_nerd:90,normal,,路人,,HGSS_Super_Nerd,HGSS_Super_Nerd,assets/npc/normal/hgss-super-nerd-90-hgss-super-nerd-4e3b89f6.png,,,,,1,正面/小卒/HGSS
normal:hgss_swimmer_f:91,normal,,路人,,HGSS_Swimmer_F,HGSS_Swimmer_F,assets/npc/normal/hgss-swimmer-f-91-hgss-swimmer-f-93d78e02.png,,,,,1,正面/小卒/HGSS
normal:hgss_swimmer_m:92,normal,,路人,,HGSS_Swimmer_M,HGSS_Swimmer_M,assets/npc/normal/hgss-swimmer-m-92-hgss-swimmer-m-5870c2f9.png,,,,,1,正面/小卒/HGSS
normal:hgss_swimmer_mus:93,normal,,路人,,HGSS_Swimmer_MUS,HGSS_Swimmer_MUS,assets/npc/normal/hgss-swimmer-mus-93-hgss-swimmer-mus-971e050b.png,,,,,1,正面/小卒/HGSS
normal:hgss_twins:94,normal,,路人,,HGSS_Twins,HGSS_Twins,assets/npc/normal/hgss-twins-94-hgss-twins-624c075a.png,,,,,1,正面/小卒/HGSS
normal:hgss_young_couple:95,normal,,路人,,HGSS_Young_Couple,HGSS_Young_Couple,assets/npc/normal/hgss-young-couple-95-hgss-young-couple-7e359c54.png,,,,,1,正面/小卒/HGSS
normal:hgss_youngster:96,normal,,路人,,HGSS_Youngster,HGSS_Youngster,assets/npc/normal/hgss-youngster-96-hgss-youngster-1b308cd3.png,,,,,1,正面/小卒/HGSS
normal:interviewdp:97,normal,,路人,,Interviewdp,Interviewdp,assets/npc/normal/interviewdp-97-interviewdp-b4795819.png,,,,,1,正面/小卒/DPT
normal:spr_b2w2_plasma_grunt_f:98,normal,,路人,,Spr_B2W2_Plasma_Grunt_F,Spr_B2W2_Plasma_Grunt_F,assets/npc/normal/spr-b2w2-plasma-grunt-f-98-spr-b2w2-plasma-grunt-f-26fb096b.png,,,,,1,正面/小卒/B2W2
normal:spr_b2w2_plasma_grunt_m:99,normal,,路人,,Spr_B2W2_Plasma_Grunt_M,Spr_B2W2_Plasma_Grunt_M,assets/npc/normal/spr-b2w2-plasma-grunt-m-99-spr-b2w2-plasma-grunt-m-33d56f41.png,,,,,1,正面/小卒/B2W2
normal:spr_bw_ace_trainer_f:100,normal,,路人,,Spr_BW_Ace_Trainer_F,Spr_BW_Ace_Trainer_F,assets/npc/normal/spr-bw-ace-trainer-f-100-spr-bw-ace-trainer-f-cd201da5.png,,,,,1,正面/小卒/BW
normal:spr_bw_ace_trainer_m:101,normal,,路人,,Spr_BW_Ace_Trainer_M,Spr_BW_Ace_Trainer_M,assets/npc/normal/spr-bw-ace-trainer-m-101-spr-bw-ace-trainer-m-99261c96.png,,,,,1,正面/小卒/BW
normal:spr_bw_artist:102,normal,,路人,,Spr_BW_Artist,Spr_BW_Artist,assets/npc/normal/spr-bw-artist-102-spr-bw-artist-93befc5f.png,,,,,1,正面/小卒/BW
normal:spr_bw_backpacker_f:103,normal,,路人,,Spr_BW_Backpacker_F,Spr_BW_Backpacker_F,assets/npc/normal/spr-bw-backpacker-f-103-spr-bw-backpacker-f-65e90cc7.png,,,,,1,正面/小卒/BW
normal:spr_bw_backpacker_m:104,normal,,路人,,Spr_BW_Backpacker_M,Spr_BW_Backpacker_M,assets/npc/normal/spr-bw-backpacker-m-104-spr-bw-backpacker-m-713f3ea0.png,,,,,1,正面/小卒/BW
normal:spr_bw_bad_team:105,normal,,路人,,Spr_BW_Bad_Team,Spr_BW_Bad_Team,assets/npc/normal/spr-bw-bad-team-105-spr-bw-bad-team-42397aa1.png,,,,,1,正面/小卒/BW
normal:spr_bw_baker:106,normal,,路人,,Spr_BW_Baker,Spr_BW_Baker,assets/npc/normal/spr-bw-baker-106-spr-bw-baker-c402bb83.png,,,,,1,正面/小卒/BW
normal:spr_bw_baseball_player:107,normal,,路人,,Spr_BW_Baseball_Player,Spr_BW_Baseball_Player,assets/npc/normal/spr-bw-baseball-player-107-spr-bw-baseball-player-a0eb2cb8.png,,,,,1,正面/小卒/BW
normal:spr_bw_basketball_player:108,normal,,路人,,Spr_BW_Basketball_Player,Spr_BW_Basketball_Player,assets/npc/normal/spr-bw-basketball-player-108-spr-bw-basketball-player-dd4b63e4.png,,,,,1,正面/小卒/BW
normal:spr_bw_battle_girl:109,normal,,路人,,Spr_BW_Battle_Girl,Spr_BW_Battle_Girl,assets/npc/normal/spr-bw-battle-girl-109-spr-bw-battle-girl-a44c5a21.png,,,,,1,正面/小卒/BW
normal:spr_bw_biker:110,normal,,路人,,Spr_BW_Biker,Spr_BW_Biker,assets/npc/normal/spr-bw-biker-110-spr-bw-biker-0a881385.png,,,,,1,正面/小卒/BW
normal:spr_bw_black_belt:111,normal,,路人,,Spr_BW_Black_Belt,Spr_BW_Black_Belt,assets/npc/normal/spr-bw-black-belt-111-spr-bw-black-belt-f6e8e256.png,,,,,1,正面/小卒/BW
normal:spr_bw_businessman_a:112,normal,,路人,,Spr_BW_Businessman_A,Spr_BW_Businessman_A,assets/npc/normal/spr-bw-businessman-a-112-spr-bw-businessman-a-73e4bca9.png,,,,,1,正面/小卒/BW
normal:spr_bw_businessman_b:113,normal,,路人,,Spr_BW_Businessman_B,Spr_BW_Businessman_B,assets/npc/normal/spr-bw-businessman-b-113-spr-bw-businessman-b-8f410cc5.png,,,,,1,正面/小卒/BW
normal:spr_bw_cleaner:114,normal,,路人,,Spr_BW_Cleaner,Spr_BW_Cleaner,assets/npc/normal/spr-bw-cleaner-114-spr-bw-cleaner-a5f6648e.png,,,,,1,正面/小卒/BW
normal:spr_bw_clown:115,normal,,路人,,Spr_BW_Clown,Spr_BW_Clown,assets/npc/normal/spr-bw-clown-115-spr-bw-clown-c939b748.png,,,,,1,正面/小卒/BW
normal:spr_bw_cue_ball:116,normal,,路人,,Spr_BW_Cue_Ball,Spr_BW_Cue_Ball,assets/npc/normal/spr-bw-cue-ball-116-spr-bw-cue-ball-33f0cd23.png,,,,,1,正面/小卒/BW
normal:spr_bw_cyclist_f:117,normal,,路人,,Spr_BW_Cyclist_F,Spr_BW_Cyclist_F,assets/npc/normal/spr-bw-cyclist-f-117-spr-bw-cyclist-f-f42dab50.png,,,,,1,正面/小卒/BW
normal:spr_bw_cyclist_m:118,normal,,路人,,Spr_BW_Cyclist_M,Spr_BW_Cyclist_M,assets/npc/normal/spr-bw-cyclist-m-118-spr-bw-cyclist-m-65fa0f9d.png,,,,,1,正面/小卒/BW
normal:spr_bw_dancer:119,normal,,路人,,Spr_BW_Dancer,Spr_BW_Dancer,assets/npc/normal/spr-bw-dancer-119-spr-bw-dancer-65d6b7ba.png,,,,,1,正面/小卒/BW
normal:spr_bw_doctor:120,normal,,路人,,Spr_BW_Doctor,Spr_BW_Doctor,assets/npc/normal/spr-bw-doctor-120-spr-bw-doctor-7101e65a.png,,,,,1,正面/小卒/BW
normal:spr_bw_fan_club_f:121,normal,,路人,,Spr_BW_Fan_Club_F,Spr_BW_Fan_Club_F,assets/npc/normal/spr-bw-fan-club-f-121-spr-bw-fan-club-f-3da84c72.png,,,,,1,正面/小卒/BW
normal:spr_bw_fan_club_m:122,normal,,路人,,Spr_BW_Fan_Club_M,Spr_BW_Fan_Club_M,assets/npc/normal/spr-bw-fan-club-m-122-spr-bw-fan-club-m-8186eed4.png,,,,,1,正面/小卒/BW
normal:spr_bw_fisherman:123,normal,,路人,,Spr_BW_Fisherman,Spr_BW_Fisherman,assets/npc/normal/spr-bw-fisherman-123-spr-bw-fisherman-1b3e666a.png,,,,,1,正面/小卒/BW
normal:spr_bw_footballer:124,normal,,路人,,Spr_BW_Footballer,Spr_BW_Footballer,assets/npc/normal/spr-bw-footballer-124-spr-bw-footballer-7932d2a1.png,,,,,1,正面/小卒/BW
normal:spr_bw_gentleman:125,normal,,路人,,Spr_BW_Gentleman,Spr_BW_Gentleman,assets/npc/normal/spr-bw-gentleman-125-spr-bw-gentleman-e293e491.png,,,,,1,正面/小卒/BW
normal:spr_bw_hiker:126,normal,,路人,,Spr_BW_Hiker,Spr_BW_Hiker,assets/npc/normal/spr-bw-hiker-126-spr-bw-hiker-e231da32.png,,,,,1,正面/小卒/BW
normal:spr_bw_kindergarten_teacher:127,normal,,路人,,Spr_BW_Kindergarten_Teacher,Spr_BW_Kindergarten_Teacher,assets/npc/normal/spr-bw-kindergarten-teacher-127-spr-bw-kindergarten-teacher-6fc5905a.png,,,,,1,正面/小卒/BW
normal:spr_bw_kindergartner_f:128,normal,,路人,,Spr_BW_Kindergartner_F,Spr_BW_Kindergartner_F,assets/npc/normal/spr-bw-kindergartner-f-128-spr-bw-kindergartner-f-2b7390ba.png,,,,,1,正面/小卒/BW
normal:spr_bw_kindergartner_m:129,normal,,路人,,Spr_BW_Kindergartner_M,Spr_BW_Kindergartner_M,assets/npc/normal/spr-bw-kindergartner-m-129-spr-bw-kindergartner-m-f6bd6e4c.png,,,,,1,正面/小卒/BW
normal:spr_bw_lady:130,normal,,路人,,Spr_BW_Lady,Spr_BW_Lady,assets/npc/normal/spr-bw-lady-130-spr-bw-lady-7827b15b.png,,,,,1,正面/小卒/BW
normal:spr_bw_lass:131,normal,,路人,,Spr_BW_Lass,Spr_BW_Lass,assets/npc/normal/spr-bw-lass-131-spr-bw-lass-1bccc788.png,,,,,1,正面/小卒/BW
normal:spr_bw_maid:132,normal,,路人,,Spr_BW_Maid,Spr_BW_Maid,assets/npc/normal/spr-bw-maid-132-spr-bw-maid-6b0ac5c1.png,,,,,1,正面/小卒/BW
normal:spr_bw_musician:133,normal,,路人,,Spr_BW_Musician,Spr_BW_Musician,assets/npc/normal/spr-bw-musician-133-spr-bw-musician-0b20dc76.png,,,,,1,正面/小卒/BW
normal:spr_bw_nurse:134,normal,,路人,,Spr_BW_Nurse,Spr_BW_Nurse,assets/npc/normal/spr-bw-nurse-134-spr-bw-nurse-8cdc8a86.png,,,,,1,正面/小卒/BW
normal:spr_bw_office_lady:135,normal,,路人,,Spr_BW_Office_Lady,Spr_BW_Office_Lady,assets/npc/normal/spr-bw-office-lady-135-spr-bw-office-lady-a2d7f981.png,,,,,1,正面/小卒/BW
normal:spr_bw_parasol_lady:136,normal,,路人,,Spr_BW_Parasol_Lady,Spr_BW_Parasol_Lady,assets/npc/normal/spr-bw-parasol-lady-136-spr-bw-parasol-lady-1bd4023b.png,,,,,1,正面/小卒/BW
normal:spr_bw_pilot:137,normal,,路人,,Spr_BW_Pilot,Spr_BW_Pilot,assets/npc/normal/spr-bw-pilot-137-spr-bw-pilot-e29b1a57.png,,,,,1,正面/小卒/BW
normal:spr_bw_plasma_grunt_f:138,normal,,路人,,Spr_BW_Plasma_Grunt_F,Spr_BW_Plasma_Grunt_F,assets/npc/normal/spr-bw-plasma-grunt-f-138-spr-bw-plasma-grunt-f-1c76e963.png,,,,,1,正面/小卒/BW
normal:spr_bw_plasma_grunt_m:139,normal,,路人,,Spr_BW_Plasma_Grunt_M,Spr_BW_Plasma_Grunt_M,assets/npc/normal/spr-bw-plasma-grunt-m-139-spr-bw-plasma-grunt-m-53a9beed.png,,,,,1,正面/小卒/BW
normal:spr_bw_poke-fan_f:140,normal,,路人,,Spr_BW_PokéFan_F,Spr_BW_PokéFan_F,assets/npc/normal/spr-bw-pokefan-f-140-spr-bw-pokefan-f-17a623c2.png,,,,,1,正面/小卒/BW
normal:spr_bw_poke-fan_m:141,normal,,路人,,Spr_BW_PokéFan_M,Spr_BW_PokéFan_M,assets/npc/normal/spr-bw-pokefan-m-141-spr-bw-pokefan-m-3f5c9767.png,,,,,1,正面/小卒/BW
normal:spr_bw_pokemon_breeder_f:142,normal,,路人,,Spr_BW_Pokemon_Breeder_F,Spr_BW_Pokemon_Breeder_F,assets/npc/normal/spr-bw-pokemon-breeder-f-142-spr-bw-pokemon-breeder-f-f2d8d6e9.png,,,,,1,正面/小卒/BW
normal:spr_bw_pokemon_breeder_m:143,normal,,路人,,Spr_BW_Pokemon_Breeder_M,Spr_BW_Pokemon_Breeder_M,assets/npc/normal/spr-bw-pokemon-breeder-m-143-spr-bw-pokemon-breeder-m-525bf9e6.png,,,,,1,正面/小卒/BW
normal:spr_bw_poke-mon_ranger_f:144,normal,,路人,,Spr_BW_Pokémon_Ranger_F,Spr_BW_Pokémon_Ranger_F,assets/npc/normal/spr-bw-pokemon-ranger-f-144-spr-bw-pokemon-ranger-f-b2b4fa80.png,,,,,1,正面/小卒/BW
normal:spr_bw_poke-mon_ranger_m:145,normal,,路人,,Spr_BW_Pokémon_Ranger_M,Spr_BW_Pokémon_Ranger_M,assets/npc/normal/spr-bw-pokemon-ranger-m-145-spr-bw-pokemon-ranger-m-94d5b25d.png,,,,,1,正面/小卒/BW
normal:spr_bw_policeman:146,normal,,路人,,Spr_BW_Policeman,Spr_BW_Policeman,assets/npc/normal/spr-bw-policeman-146-spr-bw-policeman-63b18754.png,,,,,1,正面/小卒/BW
normal:spr_bw_psychic_f:147,normal,,路人,,Spr_BW_Psychic_F,Spr_BW_Psychic_F,assets/npc/normal/spr-bw-psychic-f-147-spr-bw-psychic-f-c625ee08.png,,,,,1,正面/小卒/BW
normal:spr_bw_psychic_m:148,normal,,路人,,Spr_BW_Psychic_M,Spr_BW_Psychic_M,assets/npc/normal/spr-bw-psychic-m-148-spr-bw-psychic-m-f8ae5053.png,,,,,1,正面/小卒/BW
normal:spr_bw_railroad_man:149,normal,,路人,,Spr_BW_Railroad_Man,Spr_BW_Railroad_Man,assets/npc/normal/spr-bw-railroad-man-149-spr-bw-railroad-man-143c3666.png,,,,,1,正面/小卒/BW
normal:spr_bw_rich_boy:150,normal,,路人,,Spr_BW_Rich_Boy,Spr_BW_Rich_Boy,assets/npc/normal/spr-bw-rich-boy-150-spr-bw-rich-boy-ff49cd30.png,,,,,1,正面/小卒/BW
normal:spr_bw_school_kid_f:151,normal,,路人,,Spr_BW_School_Kid_F,Spr_BW_School_Kid_F,assets/npc/normal/spr-bw-school-kid-f-151-spr-bw-school-kid-f-6db508a8.png,,,,,1,正面/小卒/BW
normal:spr_bw_school_kid_m:152,normal,,路人,,Spr_BW_School_Kid_M,Spr_BW_School_Kid_M,assets/npc/normal/spr-bw-school-kid-m-152-spr-bw-school-kid-m-5b0e9d83.png,,,,,1,正面/小卒/BW
normal:spr_bw_school_kid_m-1:153,normal,,路人,,Spr_BW_School_Kid_M (1),Spr_BW_School_Kid_M (1),assets/npc/normal/spr-bw-school-kid-m-1-153-spr-bw-school-kid-m-1-39cc80e9.png,,,,,1,正面/小卒/BW
normal:spr_bw_scientist_f:154,normal,,路人,,Spr_BW_Scientist_F,Spr_BW_Scientist_F,assets/npc/normal/spr-bw-scientist-f-154-spr-bw-scientist-f-37c9328f.png,,,,,1,正面/小卒/BW
normal:spr_bw_scientist_m:155,normal,,路人,,Spr_BW_Scientist_M,Spr_BW_Scientist_M,assets/npc/normal/spr-bw-scientist-m-155-spr-bw-scientist-m-b1fa784c.png,,,,,1,正面/小卒/BW
normal:spr_bw_soccer_player:156,normal,,路人,,Spr_BW_Soccer_Player,Spr_BW_Soccer_Player,assets/npc/normal/spr-bw-soccer-player-156-spr-bw-soccer-player-4ed31e8a.png,,,,,1,正面/小卒/BW
normal:spr_bw_socialite:157,normal,,路人,,Spr_BW_Socialite,Spr_BW_Socialite,assets/npc/normal/spr-bw-socialite-157-spr-bw-socialite-cb4f1f1b.png,,,,,1,正面/小卒/BW
normal:spr_bw_swimmer_f:158,normal,,路人,,Spr_BW_Swimmer_F,Spr_BW_Swimmer_F,assets/npc/normal/spr-bw-swimmer-f-158-spr-bw-swimmer-f-9deb3f2d.png,,,,,1,正面/小卒/BW
normal:spr_bw_swimmer_m:159,normal,,路人,,Spr_BW_Swimmer_M,Spr_BW_Swimmer_M,assets/npc/normal/spr-bw-swimmer-m-159-spr-bw-swimmer-m-d5a1162c.png,,,,,1,正面/小卒/BW
normal:spr_bw_tennis_player:160,normal,,路人,,Spr_BW_Tennis_Player,Spr_BW_Tennis_Player,assets/npc/normal/spr-bw-tennis-player-160-spr-bw-tennis-player-0dc31fbd.png,,,,,1,正面/小卒/BW
normal:spr_bw_twins:161,normal,,路人,,Spr_BW_Twins,Spr_BW_Twins,assets/npc/normal/spr-bw-twins-161-spr-bw-twins-a90f1a76.png,,,,,1,正面/小卒/BW
normal:spr_bw_veteran_f:162,normal,,路人,,Spr_BW_Veteran_F,Spr_BW_Veteran_F,assets/npc/normal/spr-bw-veteran-f-162-spr-bw-veteran-f-60064197.png,,,,,1,正面/小卒/BW
normal:spr_bw_waiter:163,normal,,路人,,Spr_BW_Waiter,Spr_BW_Waiter,assets/npc/normal/spr-bw-waiter-163-spr-bw-waiter-87ea7934.png,,,,,1,正面/小卒/BW
normal:spr_bw_waitress:164,normal,,路人,,Spr_BW_Waitress,Spr_BW_Waitress,assets/npc/normal/spr-bw-waitress-164-spr-bw-waitress-2e324fbb.png,,,,,1,正面/小卒/BW
normal:spr_bw_worker:165,normal,,路人,,Spr_BW_Worker,Spr_BW_Worker,assets/npc/normal/spr-bw-worker-165-spr-bw-worker-72a9cc8a.png,,,,,1,正面/小卒/BW
normal:spr_bw_workerice:166,normal,,路人,,Spr_BW_WorkerIce,Spr_BW_WorkerIce,assets/npc/normal/spr-bw-workerice-166-spr-bw-workerice-1d41dc40.png,,,,,1,正面/小卒/BW
normal:spr_bw_youngster:167,normal,,路人,,Spr_BW_Youngster,Spr_BW_Youngster,assets/npc/normal/spr-bw-youngster-167-spr-bw-youngster-8905c2a1.png,,,,,1,正面/小卒/BW
normal:spr_dp_waiter:168,normal,,路人,,Spr_DP_Waiter,Spr_DP_Waiter,assets/npc/normal/spr-dp-waiter-168-spr-dp-waiter-5f626d5b.png,,,,,1,正面/小卒/BW
normal:spr_hgss_teacher:169,normal,,路人,,Spr_HGSS_Teacher,Spr_HGSS_Teacher,assets/npc/normal/spr-hgss-teacher-169-spr-hgss-teacher-c5cdce45.png,,,,,1,正面/小卒/BW
normal:spr_pt_maid:170,normal,,路人,,Spr_Pt_Maid,Spr_Pt_Maid,assets/npc/normal/spr-pt-maid-170-spr-pt-maid-d1260fdf.png,,,,,1,正面/小卒/BW
avatar:阿戴克:1,avatar,,头像,,阿戴克,阿戴克,,,,assets/npc/avatars/1-asset-18b76b7d.webp,,1,VS 阿戴克 Masters.png
avatar:阿渡:2,avatar,,头像,,阿渡,阿渡,,,,assets/npc/avatars/2-asset-43422580.webp,,1,VS 阿渡 Masters.png
avatar:艾莉丝-冠軍:3,avatar,,头像,,艾莉丝 冠軍,艾莉丝 冠軍,,,,assets/npc/avatars/3-asset-9034e037.webp,,1,VS 艾莉絲 冠軍 Masters.png
avatar:白露:4,avatar,,头像,,白露,白露,,,,assets/npc/avatars/4-asset-598eeaac.webp,,1,VS 白露（冠軍） Masters.png
avatar:彼特:5,avatar,,头像,,彼特,彼特,,,,assets/npc/avatars/5-asset-b3229917.webp,,1,VS 彼特（冠軍） Masters.png
avatar:赤红:6,avatar,,头像,,赤红,赤红,,,,assets/npc/avatars/6-asset-a73f3e71.webp,,1,VS 赤紅（冠軍） Masters.png
avatar:大吾:7,avatar,,头像,,大吾,大吾,,,,assets/npc/avatars/7-asset-fa48929b.webp,,1,VS 大吾 Masters.png
avatar:斗也:8,avatar,,头像,,斗也,斗也,,,,assets/npc/avatars/8-asset-ac3855d8.webp,,1,VS 鬥也（冠軍） Masters.png
avatar:斗子:9,avatar,,头像,,斗子,斗子,,,,assets/npc/avatars/9-asset-1f3d0a1a.webp,,1,VS 鬥子（冠軍） Masters.png
avatar:共平:10,avatar,,头像,,共平,共平,,,,assets/npc/avatars/10-asset-e4301aec.webp,,1,VS 共平（冠軍） Masters.png
avatar:瑰芙:11,avatar,,头像,,瑰芙,瑰芙,,,,assets/npc/avatars/11-asset-fdb7e61e.webp,,1,VS 瑰芙 ZA.png
avatar:赫普:12,avatar,,头像,,赫普,赫普,,,,assets/npc/avatars/12-asset-4d803194.webp,,1,VS 赫普（冠軍） Masters.png
avatar:黑连:13,avatar,,头像,,黑连,黑连,,,,assets/npc/avatars/13-asset-fa435a61.webp,,1,VS 黑連（冠軍） Masters.png
avatar:辉耀:14,avatar,,头像,,辉耀,辉耀,,,,assets/npc/avatars/14-asset-20f9b02e.webp,,1,VS 辉耀 ZA.png
avatar:京刚:15,avatar,,头像,,京刚,京刚,,,,assets/npc/avatars/15-asset-05fddd1f.webp,,1,VS 京刚 ZA.png
avatar:卡鲁穆:16,avatar,,头像,,卡鲁穆,卡鲁穆,,,,assets/npc/avatars/16-asset-dcb3bb6a.webp,,1,VS 卡魯穆（冠軍） Masters.png
avatar:卡露妮:17,avatar,,头像,,卡露妮,卡露妮,,,,assets/npc/avatars/17-asset-c38c801f.webp,,1,VS 卡露妮 Masters.png
avatar:库库伊:18,avatar,,头像,,库库伊,库库伊,,,,assets/npc/avatars/18-asset-b2c4182b.webp,,1,VS 庫庫伊 Masters.png
avatar:玛俐:19,avatar,,头像,,玛俐,玛俐,,,,assets/npc/avatars/19-asset-d8870d6e.webp,,1,VS 瑪俐（冠軍） Masters.png
avatar:弥叶:20,avatar,,头像,,弥叶,弥叶,,,,assets/npc/avatars/20-asset-e1eeffe8.webp,,1,VS 弥叶 ZA.png
avatar:米可利:21,avatar,,头像,,米可利,米可利,,,,assets/npc/avatars/21-asset-342dcb08.webp,,1,VS 米可利 Masters.png
avatar:鸣依:22,avatar,,头像,,鸣依,鸣依,,,,assets/npc/avatars/22-asset-d6a854ea.webp,,1,VS 鳴依（冠軍） Masters.png
avatar:青绿:23,avatar,,头像,,青绿,青绿,,,,assets/npc/avatars/23-asset-8ef926da.webp,,1,VS 青綠 Masters.png
avatar:青绿:24,avatar,,头像,,青绿,青绿,,,,assets/npc/avatars/24-asset-76715670.webp,,1,VS 哈烏 Masters.png
avatar:青绿:25,avatar,,头像,,青绿,青绿,,,,assets/npc/avatars/25-asset-f734b251.webp,,1,VS 青綠（冠軍） Masters.png
avatar:莎莉娜:26,avatar,,头像,,莎莉娜,莎莉娜,,,,assets/npc/avatars/26-asset-97ab99e8.webp,,1,VS 莎莉娜（冠軍） Masters.png
avatar:小遥:27,avatar,,头像,,小遥,小遥,,,,assets/npc/avatars/27-asset-aa8fec69.webp,,1,VS 小遙（冠軍） Masters.png
avatar:小银:28,avatar,,头像,,小银,小银,,,,assets/npc/avatars/28-asset-a4aec64f.webp,,1,VS 小銀（冠軍） Masters.png
avatar:小悠:29,avatar,,头像,,小悠,小悠,,,,assets/npc/avatars/29-asset-adc8aaa2.webp,,1,VS 小悠（冠軍） Masters.png
avatar:叶子:30,avatar,,头像,,叶子,叶子,,,,assets/npc/avatars/30-asset-d7a61b0f.webp,,1,VS 葉子（冠軍） Masters.png
avatar:竹兰:31,avatar,,头像,,竹兰,竹兰,,,,assets/npc/avatars/31-asset-98f49bd0.webp,,1,VS 竹蘭 Masters.png
avatar:blackchallenge:32,avatar,,头像,,BlackChallenge,BlackChallenge,,,,assets/npc/avatars/blackchallenge-32-blackchallenge-59553dba.png,,1,VS＆Challenge/BlackChallenge.png
avatar:dawnchallenge:33,avatar,,头像,,DawnChallenge,DawnChallenge,,,,assets/npc/avatars/dawnchallenge-33-dawnchallenge-9bb8943e.png,,1,VS＆Challenge/DawnChallenge.png
avatar:ethanchallenge:34,avatar,,头像,,EthanChallenge,EthanChallenge,,,,assets/npc/avatars/ethanchallenge-34-ethanchallenge-64d9d6ea.png,,1,VS＆Challenge/EthanChallenge.png
avatar:lucaschallenge:35,avatar,,头像,,LucasChallenge,LucasChallenge,,,,assets/npc/avatars/lucaschallenge-35-lucaschallenge-464ce1f1.png,,1,VS＆Challenge/LucasChallenge.png
avatar:lyrachallenge:36,avatar,,头像,,LyraChallenge,LyraChallenge,,,,assets/npc/avatars/lyrachallenge-36-lyrachallenge-6086e13b.png,,1,VS＆Challenge/LyraChallenge.png
avatar:natechallenge:37,avatar,,头像,,NateChallenge,NateChallenge,,,,assets/npc/avatars/natechallenge-37-natechallenge-bc589401.png,,1,VS＆Challenge/NateChallenge.png
avatar:natechallenge2:38,avatar,,头像,,NateChallenge2,NateChallenge2,,,,assets/npc/avatars/natechallenge2-38-natechallenge2-56328e01.png,,1,VS＆Challenge/NateChallenge2.png
avatar:rosachallenge2:39,avatar,,头像,,RosaChallenge2,RosaChallenge2,,,,assets/npc/avatars/rosachallenge2-39-rosachallenge2-298bfad5.png,,1,VS＆Challenge/RosaChallenge2.png
avatar:vsaaron:40,avatar,,头像,,VSAaron,VSAaron,,,,assets/npc/avatars/vsaaron-40-vsaaron-d3cb8564.png,,1,VS＆Challenge/VSAaron.png
avatar:vsadeku:41,avatar,,头像,,VSAdeku,VSAdeku,,,,assets/npc/avatars/vsadeku-41-vsadeku-c7421c2b.png,,1,VS＆Challenge/VSAdeku.png
avatar:vsaloe:42,avatar,,头像,,VSAloe,VSAloe,,,,assets/npc/avatars/vsaloe-42-vsaloe-a589bc2d.png,,1,VS＆Challenge/VSAloe.png
avatar:vsarcher:43,avatar,,头像,,VSArcher,VSArcher,,,,assets/npc/avatars/vsarcher-43-vsarcher-c31cb206.png,,1,VS＆Challenge/VSArcher.png
avatar:vsargenta:44,avatar,,头像,,VSArgenta,VSArgenta,,,,assets/npc/avatars/vsargenta-44-vsargenta-28351f5a.png,,1,VS＆Challenge/VSArgenta.png
avatar:vsarti:45,avatar,,头像,,VSArti,VSArti,,,,assets/npc/avatars/vsarti-45-vsarti-e464418d.png,,1,VS＆Challenge/VSArti.png
avatar:vsbel:46,avatar,,头像,,VSBel,VSBel,,,,assets/npc/avatars/vsbel-46-vsbel-d515e135.png,,1,VS＆Challenge/VSBel.png
avatar:vsbenga:47,avatar,,头像,,VSBenga,VSBenga,,,,assets/npc/avatars/vsbenga-47-vsbenga-9fdc4302.png,,1,VS＆Challenge/VSBenga.png
avatar:vsbertha:48,avatar,,头像,,VSBertha,VSBertha,,,,assets/npc/avatars/vsbertha-48-vsbertha-eca6ff98.png,,1,VS＆Challenge/VSBertha.png
avatar:vsbianca:49,avatar,,头像,,VSBianca,VSBianca,,,,assets/npc/avatars/vsbianca-49-vsbianca-44d2c259.png,,1,VS＆Challenge/VSBianca.png
avatar:vsbruno:50,avatar,,头像,,VSBruno,VSBruno,,,,assets/npc/avatars/vsbruno-50-vsbruno-c8206ce8.png,,1,VS＆Challenge/VSBruno.png
avatar:vsbugsy:51,avatar,,头像,,VSBugsy,VSBugsy,,,,assets/npc/avatars/vsbugsy-51-vsbugsy-8af9b63c.png,,1,VS＆Challenge/VSBugsy.png
avatar:vsbyron:52,avatar,,头像,,VSByron,VSByron,,,,assets/npc/avatars/vsbyron-52-vsbyron-74279448.png,,1,VS＆Challenge/VSByron.png
avatar:vscaitlin:53,avatar,,头像,,VSCaitlin,VSCaitlin,,,,assets/npc/avatars/vscaitlin-53-vscaitlin-1e1855a0.png,,1,VS＆Challenge/VSCaitlin.png
avatar:vscandice:54,avatar,,头像,,VSCandice,VSCandice,,,,assets/npc/avatars/vscandice-54-vscandice-d0bc31dc.png,,1,VS＆Challenge/VSCandice.png
avatar:vscheren:55,avatar,,头像,,VSCheren,VSCheren,,,,assets/npc/avatars/vscheren-55-vscheren-ac23c002.png,,1,VS＆Challenge/VSCheren.png
avatar:vscheren_2:56,avatar,,头像,,VSCheren_2,VSCheren_2,,,,assets/npc/avatars/vscheren-2-56-vscheren-2-de56d520.png,,1,VS＆Challenge/VSCheren_2.png
avatar:vschili:57,avatar,,头像,,VSChili,VSChili,,,,assets/npc/avatars/vschili-57-vschili-efe1db2b.png,,1,VS＆Challenge/VSChili.png
avatar:vsclair:58,avatar,,头像,,VSClair,VSClair,,,,assets/npc/avatars/vsclair-58-vsclair-83179369.png,,1,VS＆Challenge/VSClair.png
avatar:vscolress:59,avatar,,头像,,VSColress,VSColress,,,,assets/npc/avatars/vscolress-59-vscolress-a48d7f21.png,,1,VS＆Challenge/VSColress.png
avatar:vscrasher_wake:60,avatar,,头像,,VSCrasher_Wake,VSCrasher_Wake,,,,assets/npc/avatars/vscrasher-wake-60-vscrasher-wake-5e7edff0.png,,1,VS＆Challenge/VSCrasher_Wake.png
avatar:vscress:61,avatar,,头像,,VSCress,VSCress,,,,assets/npc/avatars/vscress-61-vscress-b597a3e9.png,,1,VS＆Challenge/VSCress.png
avatar:vscynthia:62,avatar,,头像,,VSCynthia,VSCynthia,,,,assets/npc/avatars/vscynthia-62-vscynthia-7b500adf.png,,1,VS＆Challenge/VSCynthia.png
avatar:vsdahlia:63,avatar,,头像,,VSDahlia,VSDahlia,,,,assets/npc/avatars/vsdahlia-63-vsdahlia-35197bfe.png,,1,VS＆Challenge/VSDahlia.png
avatar:vsdarach:64,avatar,,头像,,VSDarach,VSDarach,,,,assets/npc/avatars/vsdarach-64-vsdarach-493859f6.png,,1,VS＆Challenge/VSDarach.png
avatar:vselesa_2:65,avatar,,头像,,VSElesa_2,VSElesa_2,,,,assets/npc/avatars/vselesa-2-65-vselesa-2-23e66762.png,,1,VS＆Challenge/VSElesa_2.png
avatar:vsfalkner:66,avatar,,头像,,VSFalkner,VSFalkner,,,,assets/npc/avatars/vsfalkner-66-vsfalkner-265b8347.png,,1,VS＆Challenge/VSFalkner.png
avatar:vsfantina:67,avatar,,头像,,VSFantina,VSFantina,,,,assets/npc/avatars/vsfantina-67-vsfantina-c8cc6ab3.png,,1,VS＆Challenge/VSFantina.png
avatar:vsflint:68,avatar,,头像,,VSFlint,VSFlint,,,,assets/npc/avatars/vsflint-68-vsflint-bff2e0a9.png,,1,VS＆Challenge/VSFlint.png
avatar:vsgardenia:69,avatar,,头像,,VSGardenia,VSGardenia,,,,assets/npc/avatars/vsgardenia-69-vsgardenia-b87feac7.png,,1,VS＆Challenge/VSGardenia.png
avatar:vsgeechisu:70,avatar,,头像,,VSGeechisu,VSGeechisu,,,,assets/npc/avatars/vsgeechisu-70-vsgeechisu-1ec7c64a.png,,1,VS＆Challenge/VSGeechisu.png
avatar:vsghetsis_2:71,avatar,,头像,,VSGhetsis_2,VSGhetsis_2,,,,assets/npc/avatars/vsghetsis-2-71-vsghetsis-2-16e074af.png,,1,VS＆Challenge/VSGhetsis_2.png
avatar:vsgiima:72,avatar,,头像,,VSGiima,VSGiima,,,,assets/npc/avatars/vsgiima-72-vsgiima-c7b79beb.png,,1,VS＆Challenge/VSGiima.png
avatar:vsgiovanni:73,avatar,,头像,,VSGiovanni,VSGiovanni,,,,assets/npc/avatars/vsgiovanni-73-vsgiovanni-2173e9b0.png,,1,VS＆Challenge/VSGiovanni.png
avatar:vshachiku:74,avatar,,头像,,VSHachiku,VSHachiku,,,,assets/npc/avatars/vshachiku-74-vshachiku-1d7cbdf0.png,,1,VS＆Challenge/VSHachiku.png
avatar:vshugh:75,avatar,,头像,,VSHugh,VSHugh,,,,assets/npc/avatars/vshugh-75-vshugh-d391a7d0.png,,1,VS＆Challenge/VSHugh.png
avatar:vsiris:76,avatar,,头像,,VSIris,VSIris,,,,assets/npc/avatars/vsiris-76-vsiris-bacf51a1.png,,1,VS＆Challenge/VSIris.png
avatar:vsiris_2:77,avatar,,头像,,VSIris_2,VSIris_2,,,,assets/npc/avatars/vsiris-2-77-vsiris-2-95743293.png,,1,VS＆Challenge/VSIris_2.png
avatar:vsjanine:78,avatar,,头像,,VSJanine,VSJanine,,,,assets/npc/avatars/vsjanine-78-vsjanine-270b3408.png,,1,VS＆Challenge/VSJanine.png
avatar:vsjasmine:79,avatar,,头像,,VSJasmine,VSJasmine,,,,assets/npc/avatars/vsjasmine-79-vsjasmine-b8173b6d.png,,1,VS＆Challenge/VSJasmine.png
avatar:vskamitsure:80,avatar,,头像,,VSKamitsure,VSKamitsure,,,,assets/npc/avatars/vskamitsure-80-vskamitsure-1110fa94.png,,1,VS＆Challenge/VSKamitsure.png
avatar:vskaren:81,avatar,,头像,,VSKaren,VSKaren,,,,assets/npc/avatars/vskaren-81-vskaren-2fd4b902.png,,1,VS＆Challenge/VSKaren.png
avatar:vskoga:82,avatar,,头像,,VSKoga,VSKoga,,,,assets/npc/avatars/vskoga-82-vskoga-523872dc.png,,1,VS＆Challenge/VSKoga.png
avatar:vslance:83,avatar,,头像,,VSLance,VSLance,,,,assets/npc/avatars/vslance-83-vslance-336ee63b.png,,1,VS＆Challenge/VSLance.png
avatar:vslucian:84,avatar,,头像,,VSLucian,VSLucian,,,,assets/npc/avatars/vslucian-84-vslucian-cc406eba.png,,1,VS＆Challenge/VSLucian.png
avatar:vsmarlon:85,avatar,,头像,,VSMarlon,VSMarlon,,,,assets/npc/avatars/vsmarlon-85-vsmarlon-88ace384.png,,1,VS＆Challenge/VSMarlon.png
avatar:vsmaylene:86,avatar,,头像,,VSMaylene,VSMaylene,,,,assets/npc/avatars/vsmaylene-86-vsmaylene-075e5b75.png,,1,VS＆Challenge/VSMaylene.png
avatar:vsmisty:87,avatar,,头像,,VSMisty,VSMisty,,,,assets/npc/avatars/vsmisty-87-vsmisty-ebb97d1b.png,,1,VS＆Challenge/VSMisty.png
avatar:vsmorty:88,avatar,,头像,,VSMorty,VSMorty,,,,assets/npc/avatars/vsmorty-88-vsmorty-2cdaf554.png,,1,VS＆Challenge/VSMorty.png
avatar:vsn:89,avatar,,头像,,VSN,VSN,,,,assets/npc/avatars/vsn-89-vsn-b2cf5ac6.png,,1,VS＆Challenge/VSN.png
avatar:vspalmer:90,avatar,,头像,,VSPalmer,VSPalmer,,,,assets/npc/avatars/vspalmer-90-vspalmer-af290759.png,,1,VS＆Challenge/VSPalmer.png
avatar:vspryce:91,avatar,,头像,,VSPryce,VSPryce,,,,assets/npc/avatars/vspryce-91-vspryce-a4f26d3f.png,,1,VS＆Challenge/VSPryce.png
avatar:vsrenbu:92,avatar,,头像,,VSRenbu,VSRenbu,,,,assets/npc/avatars/vsrenbu-92-vsrenbu-f61877a7.png,,1,VS＆Challenge/VSRenbu.png
avatar:vsroark:93,avatar,,头像,,VSRoark,VSRoark,,,,assets/npc/avatars/vsroark-93-vsroark-2c2f3cc0.png,,1,VS＆Challenge/VSRoark.png
avatar:vsroxie:94,avatar,,头像,,VSRoxie,VSRoxie,,,,assets/npc/avatars/vsroxie-94-vsroxie-4c71ac93.png,,1,VS＆Challenge/VSRoxie.png
avatar:vssabrina:95,avatar,,头像,,VSSabrina,VSSabrina,,,,assets/npc/avatars/vssabrina-95-vssabrina-a2d56acc.png,,1,VS＆Challenge/VSSabrina.png
avatar:vsshaga:96,avatar,,头像,,VSShaga,VSShaga,,,,assets/npc/avatars/vsshaga-96-vsshaga-c85ee88d.png,,1,VS＆Challenge/VSShaga.png
avatar:vsshikimi:97,avatar,,头像,,VSShikimi,VSShikimi,,,,assets/npc/avatars/vsshikimi-97-vsshikimi-32dac56a.png,,1,VS＆Challenge/VSShikimi.png
avatar:vsthorton:98,avatar,,头像,,VSThorton,VSThorton,,,,assets/npc/avatars/vsthorton-98-vsthorton-c5d03969.png,,1,VS＆Challenge/VSThorton.png
avatar:vsvolkner:99,avatar,,头像,,VSVolkner,VSVolkner,,,,assets/npc/avatars/vsvolkner-99-vsvolkner-5e24608b.png,,1,VS＆Challenge/VSVolkner.png
avatar:vswhitney:100,avatar,,头像,,VSWhitney,VSWhitney,,,,assets/npc/avatars/vswhitney-100-vswhitney-4989dddf.png,,1,VS＆Challenge/VSWhitney.png
avatar:vswill:101,avatar,,头像,,VSWill,VSWill,,,,assets/npc/avatars/vswill-101-vswill-3d050324.png,,1,VS＆Challenge/VSWill.png
avatar:vsyacon:102,avatar,,头像,,VSYacon,VSYacon,,,,assets/npc/avatars/vsyacon-102-vsyacon-8b4029f1.png,,1,VS＆Challenge/VSYacon.png
avatar:whitechallenge:103,avatar,,头像,,WhiteChallenge,WhiteChallenge,,,,assets/npc/avatars/whitechallenge-103-whitechallenge-b484e228.png,,1,VS＆Challenge/WhiteChallenge.png
villain:彩虹火箭队:坂木:1,villain,彩虹火箭队,彩虹火箭队,rainbow_rocket,坂木,Giovanni,assets/npc/boss/giovanni-giovannihgss-e63c106b.gif,assets/npc/boss/giovanni-gif-giovannihgss-e63c106b.gif,,assets/npc/avatars/giovanni-vsgiovanni-2173e9b0.png,rainbow_rocket:坂木,1,Giovanni|火箭队|https://wiki.52poke.com/wiki/%E5%9D%82%E6%9C%A8#%E5%AE%9D%E5%8F%AF%E6%A2%A6|https://wiki.52poke.com/wiki/%E5%9D%82%E6%9C%A8#%E5%AF%B9%E8%AF%9D|https://wiki.52poke.com/wiki/%E5%9D%82%E6%9C%A8#%E7%94%BB%E5%83%8F
villain:彩虹火箭队:赤焰松:2,villain,彩虹火箭队,彩虹火箭队,rainbow_rocket,赤焰松,Maxie,assets/npc/boss/maxie-front-8d81b36f.webp,,,assets/npc/avatars/maxie-avatar-3ee5bec0.webp,rainbow_rocket:赤焰松,1,Maxie|熔岩队|https://wiki.52poke.com/wiki/%E8%B5%A4%E7%84%B0%E6%9D%BE#%E5%AE%9D%E5%8F%AF%E6%A2%A6|https://wiki.52poke.com/wiki/%E8%B5%A4%E7%84%B0%E6%9D%BE#%E5%AF%B9%E8%AF%9D|https://wiki.52poke.com/wiki/%E8%B5%A4%E7%84%B0%E6%9D%BE#%E7%94%BB%E5%83%8F
villain:彩虹火箭队:水梧桐:3,villain,彩虹火箭队,彩虹火箭队,rainbow_rocket,水梧桐,Archie,assets/npc/boss/archie-front-66c1b7bd.webp,,,assets/npc/avatars/archie-avatar-506a1aac.webp,rainbow_rocket:水梧桐,1,Archie|海洋队|https://wiki.52poke.com/wiki/%E6%B0%B4%E6%A2%A7%E6%A1%90#%E5%AE%9D%E5%8F%AF%E6%A2%A6|https://wiki.52poke.com/wiki/%E6%B0%B4%E6%A2%A7%E6%A1%90#%E5%AF%B9%E8%AF%9D|https://wiki.52poke.com/wiki/%E6%B0%B4%E6%A2%A7%E6%A1%90#%E7%94%BB%E5%83%8F
villain:彩虹火箭队:赤日:4,villain,彩虹火箭队,彩虹火箭队,rainbow_rocket,赤日,Cyrus,assets/npc/boss/cyrus-front-fe1ce71c.gif,,,assets/npc/avatars/cyrus-avatar-61932804.webp,rainbow_rocket:赤日,1,Cyrus|银河队|https://wiki.52poke.com/wiki/%E8%B5%A4%E6%97%A5#%E5%AE%9D%E5%8F%AF%E6%A2%A6|https://wiki.52poke.com/wiki/%E8%B5%A4%E6%97%A5#%E5%AF%B9%E8%AF%9D|https://wiki.52poke.com/wiki/%E8%B5%A4%E6%97%A5#%E7%94%BB%E5%83%8F
villain:彩虹火箭队:魁奇思:5,villain,彩虹火箭队,彩虹火箭队,rainbow_rocket,魁奇思,Ghetsis,assets/npc/boss/ghetsis-front-61c081d3.png,,,assets/npc/avatars/vsghetsis-2-71-vsghetsis-2-16e074af.png,rainbow_rocket:魁奇思,1,Ghetsis|等离子队|https://wiki.52poke.com/wiki/%E9%AD%81%E5%A5%87%E6%80%9D#%E5%AE%9D%E5%8F%AF%E6%A2%A6|https://wiki.52poke.com/wiki/%E9%AD%81%E5%A5%87%E6%80%9D#%E5%AF%B9%E8%AF%9D|https://wiki.52poke.com/wiki/%E9%AD%81%E5%A5%87%E6%80%9D#%E7%94%BB%E5%83%8F
villain:彩虹火箭队:弗拉达利:6,villain,彩虹火箭队,彩虹火箭队,rainbow_rocket,弗拉达利,Lysandre,assets/npc/boss/lysandre-front-7ef4c4c9.webp,,,assets/npc/avatars/lysandre-avatar-bb5fe510.webp,rainbow_rocket:弗拉达利,1,Lysandre|闪焰队|https://wiki.52poke.com/wiki/%E5%BC%97%E6%8B%89%E9%81%94%E5%88%A9#%E5%AE%9D%E5%8F%AF%E6%A2%A6|https://wiki.52poke.com/wiki/%E5%BC%97%E6%8B%89%E9%81%94%E5%88%A9#%E5%AF%B9%E8%AF%9D|https://wiki.52poke.com/wiki/%E5%BC%97%E6%8B%89%E9%81%94%E5%88%A9#%E7%94%BB%E5%83%8F
villain:彩虹火箭队:露莎米奈:7,villain,彩虹火箭队,彩虹火箭队,rainbow_rocket,露莎米奈,Lusamine,assets/npc/boss/lusamine-front-43f1d5c4.webp,,,assets/npc/avatars/lusamine-avatar-fb1214bb.webp,rainbow_rocket:露莎米奈,1,Lusamine|以太基金会|https://wiki.52poke.com/wiki/%E9%9C%B2%E8%8E%8E%E7%B1%B3%E5%A5%88#%E5%AE%9D%E5%8F%AF%E6%A2%A6|https://wiki.52poke.com/wiki/%E9%9C%B2%E8%8E%8E%E7%B1%B3%E5%A5%88#%E5%AF%B9%E8%AF%9D|https://wiki.52poke.com/wiki/%E9%9C%B2%E8%8E%8E%E7%B1%B3%E5%A5%88#%E7%94%BB%E5%83%8F
