id,kind,category,cost,weight,enabled,notes
potion,item,consumable,20,8,1,hp heal
freshwater,item,consumable,30,7,1,hp heal drink
sodapop,item,consumable,50,6,1,hp heal drink
superpotion,item,consumable,50,7,1,hp heal
lemonade,item,consumable,70,5,1,hp heal drink
moomoomilk,item,consumable,100,4,1,hp heal drink
hyperpotion,item,consumable,120,5,1,hp heal
maxpotion,item,consumable,160,3,1,full hp heal
fullrestore,item,consumable,200,2,1,full hp and status
revive,item,consumable,120,9,1,revive
maxrevive,item,consumable,200,1,1,full revive
revivalherb,item,consumable,160,1,1,full revive herb
energypowder,item,consumable,50,3,1,hp heal herb
energyroot,item,consumable,120,2,1,hp heal herb
healpowder,item,consumable,20,3,1,status heal herb
ether,item,consumable,15,5,1,pp heal
maxether,item,consumable,30,3,1,full pp move heal
elixir,item,consumable,40,2,1,all pp heal
maxelixir,item,consumable,50,1,1,full all pp heal
fullheal,item,consumable,30,5,1,status heal
antidote,item,consumable,10,4,1,poison heal
burnheal,item,consumable,10,4,1,burn heal
iceheal,item,consumable,10,4,1,freeze heal
awakening,item,consumable,10,4,1,sleep heal
paralyzeheal,item,consumable,10,4,1,paralysis heal
oranberry,item,consumable,5,6,1,hp berry
sitrusberry,item,consumable,10,6,1,hp berry
leppaberry,item,consumable,10,5,1,pp berry
lumberry,item,consumable,15,5,1,status berry
cheriberry,item,consumable,5,4,1,paralysis berry
chestoberry,item,consumable,5,4,1,sleep berry
pechaberry,item,consumable,5,4,1,poison berry
rawstberry,item,consumable,5,4,1,burn berry
aspearberry,item,consumable,5,4,1,freeze berry
pomegberry,item,consumable,5,3,1,lower hp ev berry
kelpsyberry,item,consumable,5,3,1,lower attack ev berry
qualotberry,item,consumable,5,3,1,lower defense ev berry
hondewberry,item,consumable,5,3,1,lower special attack ev berry
grepaberry,item,consumable,5,3,1,lower special defense ev berry
tamatoberry,item,consumable,5,3,1,lower speed ev berry
figyberry,item,consumable,10,4,1,pinch heal berry
wikiberry,item,consumable,10,4,1,pinch heal berry
magoberry,item,consumable,10,4,1,pinch heal berry
aguavberry,item,consumable,10,4,1,pinch heal berry
iapapaberry,item,consumable,10,4,1,pinch heal berry
occaberry,item,consumable,5,3,1,fire resist berry
passhoberry,item,consumable,5,3,1,water resist berry
wacanberry,item,consumable,5,3,1,electric resist berry
rindoberry,item,consumable,5,3,1,grass resist berry
yacheberry,item,consumable,5,3,1,ice resist berry
chopleberry,item,consumable,5,3,1,fighting resist berry
kebiaberry,item,consumable,5,3,1,poison resist berry
shucaberry,item,consumable,5,3,1,ground resist berry
cobaberry,item,consumable,5,3,1,flying resist berry
payapaberry,item,consumable,5,3,1,psychic resist berry
tangaberry,item,consumable,5,3,1,bug resist berry
chartiberry,item,consumable,5,3,1,rock resist berry
kasibberry,item,consumable,5,3,1,ghost resist berry
habanberry,item,consumable,5,3,1,dragon resist berry
colburberry,item,consumable,5,3,1,dark resist berry
babiriberry,item,consumable,5,3,1,steel resist berry
chilanberry,item,consumable,5,3,1,normal resist berry
roseliberry,item,consumable,5,3,1,fairy resist berry
liechiberry,item,consumable,15,2,1,pinch attack berry
ganlonberry,item,consumable,15,2,1,pinch defense berry
salacberry,item,consumable,15,2,1,pinch speed berry
petayaberry,item,consumable,15,2,1,pinch special attack berry
apicotberry,item,consumable,15,2,1,pinch special defense berry
custapberry,item,consumable,15,1,1,pinch priority berry
keeberry,item,consumable,15,1,1,physical hit defense berry
marangaberry,item,consumable,15,1,1,special hit special defense berry
lansatberry,item,consumable,15,1,1,pinch critical berry
starfberry,item,consumable,15,1,1,pinch random stat berry
micleberry,item,consumable,15,1,1,pinch accuracy berry
hpup,item,consumable,50,2,1,raise hp ev vitamin
protein,item,consumable,50,2,1,raise attack ev vitamin
iron,item,consumable,50,2,1,raise defense ev vitamin
calcium,item,consumable,50,2,1,raise special attack ev vitamin
zinc,item,consumable,50,2,1,raise special defense ev vitamin
carbos,item,consumable,50,2,1,raise speed ev vitamin
bottlecap,item,consumable,100,1,1,iv training cap
goldbottlecap,item,consumable,300,1,1,full iv training cap
leftovers,item,held,800,5,1,recover each turn
blacksludge,item,held,700,3,1,poison recovery
lifeorb,item,held,900,4,1,damage boost
choiceband,item,held,900,3,1,attack choice boost
choicespecs,item,held,900,3,1,special attack choice boost
choicescarf,item,held,900,3,1,speed choice boost
assaultvest,item,held,800,3,1,special defense boost
focussash,item,held,800,3,1,survive from full
focusband,item,held,600,2,1,chance survive
weaknesspolicy,item,held,1000,2,1,boost after super effective hit
eviolite,item,held,800,3,1,not fully evolved bulk
rockyhelmet,item,held,800,3,1,contact damage
airballoon,item,held,500,2,1,ground immunity
expertbelt,item,held,500,3,1,super effective boost
muscleband,item,held,500,3,1,physical boost
wiseglasses,item,held,500,3,1,special boost
lightclay,item,held,500,2,1,screen duration
mentalherb,item,held,500,2,1,mental status cure
whiteherb,item,held,500,2,1,stat drop cure
powerherb,item,held,500,2,1,charge move skip
safetygoggles,item,held,500,2,1,powder and weather immunity
scope lens,item,held,500,2,0,disabled example with space id
scopelens,item,held,500,2,1,critical hit boost
shellbell,item,held,500,2,1,damage recovery
metronome,item,held,500,2,1,repeated move boost
blackbelt,item,held,300,3,1,fighting type boost
blackglasses,item,held,300,3,1,dark type boost
charcoal,item,held,300,3,1,fire type boost
dragonfang,item,held,300,3,1,dragon type boost
hardstone,item,held,300,3,1,rock type boost
magnet,item,held,300,3,1,electric type boost
metalcoat,item,held,300,3,1,steel type boost
miracleseed,item,held,300,3,1,grass type boost
mysticwater,item,held,300,3,1,water type boost
nevermeltice,item,held,300,3,1,ice type boost
pinkbow,item,held,300,3,1,normal type boost
poisonbarb,item,held,300,3,1,poison type boost
polkadotbow,item,held,300,3,1,normal type boost
sharpbeak,item,held,300,3,1,flying type boost
silkscarf,item,held,300,3,1,normal type boost
silverpowder,item,held,300,3,1,bug type boost
softsand,item,held,300,3,1,ground type boost
spelltag,item,held,300,3,1,ghost type boost
twistedspoon,item,held,300,3,1,psychic type boost
absorbbulb,item,held,500,2,1,water hit special attack boost
adrenalineorb,item,held,500,2,1,intimidate speed boost
bigroot,item,held,500,2,1,drain recovery boost
bindingband,item,held,500,2,1,binding damage boost
brightpowder,item,held,500,2,1,evasion boost
cellbattery,item,held,500,2,1,electric hit attack boost
damprock,item,held,500,2,1,rain duration boost
destinyknot,item,held,500,2,1,infatuation reflection
electricseed,item,held,500,2,1,electric terrain defense boost
grassyseed,item,held,500,2,1,grassy terrain defense boost
gripclaw,item,held,500,2,1,binding duration boost
heatrock,item,held,500,2,1,sun duration boost
icyrock,item,held,500,2,1,snow duration boost
kingsrock,item,held,500,2,1,flinch chance boost
laxincense,item,held,500,2,1,evasion boost
luminousmoss,item,held,500,2,1,water hit special defense boost
mistyseed,item,held,500,2,1,misty terrain special defense boost
psychicseed,item,held,500,2,1,psychic terrain special defense boost
quickclaw,item,held,500,2,1,chance move first
smoothrock,item,held,500,2,1,sandstorm duration boost
terrainextender,item,held,500,2,1,terrain duration boost
widelens,item,held,500,2,1,accuracy boost
zoomlens,item,held,500,2,1,late move accuracy boost
ejectbutton,item,held,600,1,1,switch after hit
flameorb,item,held,600,1,1,self burn orb
fullincense,item,held,600,1,1,move last
laggingtail,item,held,600,1,1,move last
razorclaw,item,held,600,1,1,critical hit boost
razorfang,item,held,600,1,1,flinch chance boost
redcard,item,held,600,1,1,force attacker switch
toxicorb,item,held,600,1,1,self poison orb
normalgem,item,held,700,1,1,normal attack gem
protectivepads,item,held,700,1,1,contact effect protection
ringtarget,item,held,700,1,1,remove type immunity
shedshell,item,held,700,1,1,ignore trapping
aloraichiumz,item,held,800,1,1,z crystal
buginiumz,item,held,800,1,1,z crystal
darkiniumz,item,held,800,1,1,z crystal
decidiumz,item,held,800,1,1,z crystal
dragoniumz,item,held,800,1,1,z crystal
eeviumz,item,held,800,1,1,z crystal
electriumz,item,held,800,1,1,z crystal
fairiumz,item,held,800,1,1,z crystal
fightiniumz,item,held,800,1,1,z crystal
firiumz,item,held,800,1,1,z crystal
flyiniumz,item,held,800,1,1,z crystal
ghostiumz,item,held,800,1,1,z crystal
grassiumz,item,held,800,1,1,z crystal
groundiumz,item,held,800,1,1,z crystal
iciumz,item,held,800,1,1,z crystal
inciniumz,item,held,800,1,1,z crystal
kommoniumz,item,held,800,1,1,z crystal
lunaliumz,item,held,800,1,1,z crystal
lycaniumz,item,held,800,1,1,z crystal
marshadiumz,item,held,800,1,1,z crystal
mewniumz,item,held,800,1,1,z crystal
mimikiumz,item,held,800,1,1,z crystal
normaliumz,item,held,800,1,1,z crystal
pikaniumz,item,held,800,1,1,z crystal
pikashuniumz,item,held,800,1,1,z crystal
poisoniumz,item,held,800,1,1,z crystal
primariumz,item,held,800,1,1,z crystal
psychiumz,item,held,800,1,1,z crystal
rockiumz,item,held,800,1,1,z crystal
snorliumz,item,held,800,1,1,z crystal
solganiumz,item,held,800,1,1,z crystal
steeliumz,item,held,800,1,1,z crystal
tapuniumz,item,held,800,1,1,z crystal
ultranecroziumz,item,held,800,1,1,z crystal
wateriumz,item,held,800,1,1,z crystal
abomasite,item,held,800,1,1,mega stone
absolite,item,held,800,1,1,mega stone
absolitez,item,held,800,1,1,mega stone
aerodactylite,item,held,800,1,1,mega stone
aggronite,item,held,800,1,1,mega stone
alakazite,item,held,800,1,1,mega stone
altarianite,item,held,800,1,1,mega stone
ampharosite,item,held,800,1,1,mega stone
audinite,item,held,800,1,1,mega stone
banettite,item,held,800,1,1,mega stone
barbaracite,item,held,800,1,1,mega stone
baxcalibrite,item,held,800,1,1,mega stone
beedrillite,item,held,800,1,1,mega stone
blastoisinite,item,held,800,1,1,mega stone
blazikenite,item,held,800,1,1,mega stone
cameruptite,item,held,800,1,1,mega stone
chandelurite,item,held,800,1,1,mega stone
charizarditex,item,held,800,1,1,mega stone
charizarditey,item,held,800,1,1,mega stone
chesnaughtite,item,held,800,1,1,mega stone
chimechite,item,held,800,1,1,mega stone
clefablite,item,held,800,1,1,mega stone
crabominite,item,held,800,1,1,mega stone
darkranite,item,held,800,1,1,mega stone
delphoxite,item,held,800,1,1,mega stone
diancite,item,held,800,1,1,mega stone
dragalgite,item,held,800,1,1,mega stone
dragoninite,item,held,800,1,1,mega stone
drampanite,item,held,800,1,1,mega stone
eelektrossite,item,held,800,1,1,mega stone
emboarite,item,held,800,1,1,mega stone
excadrite,item,held,800,1,1,mega stone
falinksite,item,held,800,1,1,mega stone
feraligite,item,held,800,1,1,mega stone
floettite,item,held,800,1,1,mega stone
froslassite,item,held,800,1,1,mega stone
galladite,item,held,800,1,1,mega stone
garchompite,item,held,800,1,1,mega stone
garchompitez,item,held,800,1,1,mega stone
gardevoirite,item,held,800,1,1,mega stone
gengarite,item,held,800,1,1,mega stone
glalitite,item,held,800,1,1,mega stone
glimmoranite,item,held,800,1,1,mega stone
golisopite,item,held,800,1,1,mega stone
golurkite,item,held,800,1,1,mega stone
greninjite,item,held,800,1,1,mega stone
gyaradosite,item,held,800,1,1,mega stone
hawluchanite,item,held,800,1,1,mega stone
heatranite,item,held,800,1,1,mega stone
heracronite,item,held,800,1,1,mega stone
houndoominite,item,held,800,1,1,mega stone
kangaskhanite,item,held,800,1,1,mega stone
latiasite,item,held,800,1,1,mega stone
latiosite,item,held,800,1,1,mega stone
lopunnite,item,held,800,1,1,mega stone
lucarionite,item,held,800,1,1,mega stone
lucarionitez,item,held,800,1,1,mega stone
magearnite,item,held,800,1,1,mega stone
malamarite,item,held,800,1,1,mega stone
manectite,item,held,800,1,1,mega stone
mawilite,item,held,800,1,1,mega stone
medichamite,item,held,800,1,1,mega stone
meganiumite,item,held,800,1,1,mega stone
meowsticite,item,held,800,1,1,mega stone
metagrossite,item,held,800,1,1,mega stone
mewtwonitex,item,held,800,1,1,mega stone
mewtwonitey,item,held,800,1,1,mega stone
pidgeotite,item,held,800,1,1,mega stone
pinsirite,item,held,800,1,1,mega stone
pyroarite,item,held,800,1,1,mega stone
raichunitex,item,held,800,1,1,mega stone
raichunitey,item,held,800,1,1,mega stone
sablenite,item,held,800,1,1,mega stone
salamencite,item,held,800,1,1,mega stone
sceptilite,item,held,800,1,1,mega stone
scizorite,item,held,800,1,1,mega stone
scolipite,item,held,800,1,1,mega stone
scovillainite,item,held,800,1,1,mega stone
scraftinite,item,held,800,1,1,mega stone
sharpedonite,item,held,800,1,1,mega stone
skarmorite,item,held,800,1,1,mega stone
slowbronite,item,held,800,1,1,mega stone
staraptite,item,held,800,1,1,mega stone
starminite,item,held,800,1,1,mega stone
steelixite,item,held,800,1,1,mega stone
swampertite,item,held,800,1,1,mega stone
tatsugirinite,item,held,800,1,1,mega stone
tyranitarite,item,held,800,1,1,mega stone
venusaurite,item,held,800,1,1,mega stone
victreebelite,item,held,800,1,1,mega stone
zeraorite,item,held,800,1,1,mega stone
zygardite,item,held,800,1,1,mega stone
*,tm,tm,500,7,1,current team learnable tm pool
